id;anfitrion;url;tipo_alojamiento;distrito;precio;gastos_limpieza;plazas;noches_minimas;puntuacion;precio_persona
6369;13660;https://www.airbnb.com/rooms/6369;Private room;Chamartin;70;5;2;1;98;25
24805;101471;https://www.airbnb.com/rooms/24805;Entire home/apt;Centro;80;30;3;5;100;53,75
24836;101653;https://www.airbnb.com/rooms/24836;Entire home/apt;Centro;115;0;4;3;98;49,28571429
26825;114340;https://www.airbnb.com/rooms/26825;Private room;Arganzuela;25;15;1;2;94;21,66666667
62423;303845;https://www.airbnb.com/rooms/62423;Private room;Centro;45;22;3;1;90;16,75
70310;353738;https://www.airbnb.com/rooms/70310;Entire home/apt;Centro;70;50;4;28;82;62,8125
70315;353738;https://www.airbnb.com/rooms/70315;Entire home/apt;Centro;75;70;4;28;80;67,8125
70316;353738;https://www.airbnb.com/rooms/70316;Entire home/apt;Centro;75;60;3;28;77;69,67741935
72150;364585;https://www.airbnb.com/rooms/72150;Entire home/apt;Centro;110;50;9;2;92;24,54545455
72955;378073;https://www.airbnb.com/rooms/72955;Entire home/apt;Centro;85;30;4;3;87;40,71428571
74352;391014;https://www.airbnb.com/rooms/74352;Entire home/apt;Centro;80;0;4;8;92;53,33333333
76617;368907;https://www.airbnb.com/rooms/76617;Entire home/apt;Centro;102;52;5;3;88;44,75
82481;448981;https://www.airbnb.com/rooms/82481;Entire home/apt;Salamanca;60;25;2;3;96;41
84719;259229;https://www.airbnb.com/rooms/84719;Entire home/apt;Centro;60;40;2;3;93;44
86042;364585;https://www.airbnb.com/rooms/86042;Entire home/apt;Centro;100;50;7;2;97;27,77777778
89954;487095;https://www.airbnb.com/rooms/89954;Entire home/apt;Centro;110;89;6;2;96;38,625
93100;499977;https://www.airbnb.com/rooms/93100;Private room;Centro;32;15;3;1;89;11,75
100411;527760;https://www.airbnb.com/rooms/100411;Entire home/apt;Fuencarral - El Pardo;60;20;2;2;93;35
101507;5795235;https://www.airbnb.com/rooms/101507;Entire home/apt;Centro;65;20;2;3;95;43
102091;534128;https://www.airbnb.com/rooms/102091;Entire home/apt;Chamberi;194;0;6;3;86;64,66666667
102194;534515;https://www.airbnb.com/rooms/102194;Entire home/apt;Centro;95;60;4;2;91;41,66666667
103541;361930;https://www.airbnb.com/rooms/103541;Entire home/apt;Chamberi;75;40;4;2;91;31,66666667
112650;574498;https://www.airbnb.com/rooms/112650;Entire home/apt;Centro;75;30;2;4;86;55
114854;361930;https://www.airbnb.com/rooms/114854;Entire home/apt;Chamberi;75;40;4;2;92;31,66666667
119389;378073;https://www.airbnb.com/rooms/119389;Entire home/apt;Centro;85;30;4;3;94;40,71428571
120293;605612;https://www.airbnb.com/rooms/120293;Private room;Centro;35;12;2;1;95;15,66666667
120762;606925;https://www.airbnb.com/rooms/120762;Private room;Centro;29;20;2;1;91;16,33333333
123864;605612;https://www.airbnb.com/rooms/123864;Entire home/apt;Centro;67;25;3;1;93;23
127819;632589;https://www.airbnb.com/rooms/127819;Entire home/apt;Centro;200;47;8;2;93;44,7
136058;666482;https://www.airbnb.com/rooms/136058;Private room;Villaverde;21;11;1;1;99;16
150123;723539;https://www.airbnb.com/rooms/150123;Entire home/apt;Centro;80;40;2;2;99;50
163429;780107;https://www.airbnb.com/rooms/163429;Entire home/apt;Chamberi;65;40;4;90;95;62,65957447
169719;805726;https://www.airbnb.com/rooms/169719;Private room;Centro;25;20;2;2;81;17,5
170750;814490;https://www.airbnb.com/rooms/170750;Entire home/apt;Centro;90;25;4;25;90;78,44827586
171144;816497;https://www.airbnb.com/rooms/171144;Entire home/apt;Centro;150;30;3;3;95;80
176826;845399;https://www.airbnb.com/rooms/176826;Private room;Centro;60;7;1;1;79;33,5
176827;845399;https://www.airbnb.com/rooms/176827;Private room;Centro;60;7;1;1;83;33,5
177500;596469;https://www.airbnb.com/rooms/177500;Hotel room;Centro;80;75;2;5;96;67,85714286
177523;596469;https://www.airbnb.com/rooms/177523;Hotel room;Centro;80;75;2;5;90;67,85714286
177850;850654;https://www.airbnb.com/rooms/177850;Private room;Centro;19;10;3;2;85;9,6
183309;877571;https://www.airbnb.com/rooms/183309;Entire home/apt;Centro;90;25;8;1;72;12,77777778
183346;877571;https://www.airbnb.com/rooms/183346;Private room;Centro;30;0;2;1;83;10
183353;877571;https://www.airbnb.com/rooms/183353;Private room;Centro;30;25;2;1;89;18,33333333
191661;927343;https://www.airbnb.com/rooms/191661;Entire home/apt;Centro;70;40;3;3;91;41,66666667
196197;852616;https://www.airbnb.com/rooms/196197;Entire home/apt;Centro;77;50;4;3;95;40,14285714
199016;967721;https://www.airbnb.com/rooms/199016;Private room;Centro;25;20;2;1;89;15
201033;606925;https://www.airbnb.com/rooms/201033;Private room;Centro;40;20;2;1;93;20
204570;1004721;https://www.airbnb.com/rooms/204570;Entire home/apt;Centro;140;25;5;7;97;83,75
205199;1008659;https://www.airbnb.com/rooms/205199;Entire home/apt;Centro;85;0;2;3;99;51
207275;124972;https://www.airbnb.com/rooms/207275;Private room;Moncloa - Aravaca;50;50;1;10;100;50
209780;669927;https://www.airbnb.com/rooms/209780;Entire home/apt;Carabanchel;95;30;7;2;90;24,44444444
211444;1090760;https://www.airbnb.com/rooms/211444;Private room;Hortaleza;55;0;2;2;99;27,5
214000;927343;https://www.airbnb.com/rooms/214000;Entire home/apt;Centro;95;55;6;4;95;43,5
217674;1732442;https://www.airbnb.com/rooms/217674;Entire home/apt;Centro;145;60;8;3;97;45
219303;499977;https://www.airbnb.com/rooms/219303;Private room;Centro;29;15;3;1;86;11
225462;1174648;https://www.airbnb.com/rooms/225462;Private room;Centro;30;10;2;2;93;17,5
225489;1172225;https://www.airbnb.com/rooms/225489;Private room;Chamberi;25;0;2;4;97;16,66666667
229664;1130651;https://www.airbnb.com/rooms/229664;Entire home/apt;Centro;55;15;3;2;86;25
240128;630482;https://www.airbnb.com/rooms/240128;Private room;Carabanchel;25;5;2;5;88;18,57142857
256004;1732442;https://www.airbnb.com/rooms/256004;Entire home/apt;Centro;80;60;12;2;92;15,71428571
259249;814490;https://www.airbnb.com/rooms/259249;Entire home/apt;Centro;50;15;3;15;87;42,5
260656;1367452;https://www.airbnb.com/rooms/260656;Entire home/apt;Centro;83;0;4;5;89;46,11111111
260951;1351865;https://www.airbnb.com/rooms/260951;Entire home/apt;Hortaleza;145;40;6;2;93;41,25
261878;1373873;https://www.airbnb.com/rooms/261878;Entire home/apt;Centro;74;20;2;1;98;31,33333333
261959;1374415;https://www.airbnb.com/rooms/261959;Private room;Tetuan;28;0;1;1;85;14
263748;1351865;https://www.airbnb.com/rooms/263748;Entire home/apt;Hortaleza;66;30;4;2;95;27
264054;1370007;https://www.airbnb.com/rooms/264054;Entire home/apt;Centro;480;170;12;2;94;80,71428571
268275;1406073;https://www.airbnb.com/rooms/268275;Entire home/apt;Centro;75;30;4;2;94;30
280733;596469;https://www.airbnb.com/rooms/280733;Hotel room;Centro;90;85;4;5;95;59,44444444
281224;1466005;https://www.airbnb.com/rooms/281224;Entire home/apt;Centro;72;45;4;2;91;31,5
282715;1473247;https://www.airbnb.com/rooms/282715;Entire home/apt;Salamanca;169;60;4;2;97;66,33333333
283862;1478367;https://www.airbnb.com/rooms/283862;Entire home/apt;Centro;85;90;6;1;97;25
287660;1496188;https://www.airbnb.com/rooms/287660;Private room;Centro;30;10;1;1;100;20
289555;901218;https://www.airbnb.com/rooms/289555;Private room;Centro;58;38;5;3;89;26,5
290420;805726;https://www.airbnb.com/rooms/290420;Private room;Latina;20;12;1;2;84;17,33333333
294520;1522694;https://www.airbnb.com/rooms/294520;Private room;Centro;60;10;3;2;87;26
294529;1522694;https://www.airbnb.com/rooms/294529;Private room;Centro;43;10;1;4;92;36,4
296191;845399;https://www.airbnb.com/rooms/296191;Private room;Centro;60;7;2;1;100;22,33333333
297017;4677030;https://www.airbnb.com/rooms/297017;Entire home/apt;Centro;110;55;4;3;88;55
310333;1596220;https://www.airbnb.com/rooms/310333;Entire home/apt;Centro;80;0;6;3;91;26,66666667
310678;1598163;https://www.airbnb.com/rooms/310678;Entire home/apt;Centro;68;25;4;3;93;32,71428571
315682;1095831;https://www.airbnb.com/rooms/315682;Entire home/apt;Centro;155;75;7;3;93;54
318826;1636378;https://www.airbnb.com/rooms/318826;Entire home/apt;Latina;90;50;4;6;98;59
322548;1650712;https://www.airbnb.com/rooms/322548;Entire home/apt;Centro;116;60;4;2;88;48,66666667
334281;1702905;https://www.airbnb.com/rooms/334281;Entire home/apt;Centro;75;35;6;3;92;28,88888889
336672;1716726;https://www.airbnb.com/rooms/336672;Entire home/apt;Arganzuela;115;40;6;2;96;33,75
336834;1713427;https://www.airbnb.com/rooms/336834;Entire home/apt;Centro;63;25;5;5;92;34
336869;1713524;https://www.airbnb.com/rooms/336869;Private room;Centro;100;20;2;2;99;55
337209;1714541;https://www.airbnb.com/rooms/337209;Private room;Retiro;24;15;3;2;88;12,6
337292;1714866;https://www.airbnb.com/rooms/337292;Private room;Chamartin;35;25;1;2;100;31,66666667
339144;1721158;https://www.airbnb.com/rooms/339144;Entire home/apt;Centro;63;0;4;15;98;49,73684211
339171;1722284;https://www.airbnb.com/rooms/339171;Entire home/apt;Centro;82;40;4;3;97;40,85714286
339751;1721232;https://www.airbnb.com/rooms/339751;Private room;Latina;22;0;6;2;89;5,5
341939;1694537;https://www.airbnb.com/rooms/341939;Entire home/apt;Centro;55;30;2;3;94;39
342095;1703448;https://www.airbnb.com/rooms/342095;Entire home/apt;Centro;79;0;3;3;96;39,5
342670;1738846;https://www.airbnb.com/rooms/342670;Entire home/apt;Arganzuela;65;35;2;3;95;46
345195;1095831;https://www.airbnb.com/rooms/345195;Entire home/apt;Centro;81;60;3;3;80;50,5
345230;1095831;https://www.airbnb.com/rooms/345230;Private room;Centro;70;35;2;3;87;49
345233;1095831;https://www.airbnb.com/rooms/345233;Private room;Centro;70;35;2;3;100;49
345249;1751133;https://www.airbnb.com/rooms/345249;Entire home/apt;Tetuan;130;0;6;2;87;32,5
347510;1751133;https://www.airbnb.com/rooms/347510;Entire home/apt;Salamanca;135;0;6;2;90;33,75
353713;1791341;https://www.airbnb.com/rooms/353713;Private room;Centro;52;15;2;4;95;37,16666667
353746;1791341;https://www.airbnb.com/rooms/353746;Entire home/apt;Centro;77;20;2;15;91;69,11764706
354838;1496188;https://www.airbnb.com/rooms/354838;Entire home/apt;Centro;70;0;3;20;95;60,86956522
361053;1729503;https://www.airbnb.com/rooms/361053;Entire home/apt;Retiro;100;20;5;2;92;31,42857143
370815;1868359;https://www.airbnb.com/rooms/370815;Entire home/apt;Centro;70;30;5;2;95;24,28571429
374465;1714541;https://www.airbnb.com/rooms/374465;Private room;Retiro;22;15;3;2;91;11,8
375472;1888816;https://www.airbnb.com/rooms/375472;Private room;Arganzuela;24;0;2;6;93;18
376379;1892467;https://www.airbnb.com/rooms/376379;Entire home/apt;Centro;50;35;2;3;92;37
396532;1981346;https://www.airbnb.com/rooms/396532;Entire home/apt;Centro;105;20;4;2;97;38,33333333
397778;1408525;https://www.airbnb.com/rooms/397778;Entire home/apt;Centro;77;33;2;3;85;52,8
399140;1408525;https://www.airbnb.com/rooms/399140;Entire home/apt;Arganzuela;66;33;2;3;85;46,2
400139;1893660;https://www.airbnb.com/rooms/400139;Private room;Retiro;24;15;2;7;86;20,33333333
402588;1408525;https://www.airbnb.com/rooms/402588;Entire home/apt;Centro;82;32;4;3;91;39,71428571
404569;1408525;https://www.airbnb.com/rooms/404569;Entire home/apt;Centro;88;33;3;3;85;49,5
405786;1408525;https://www.airbnb.com/rooms/405786;Entire home/apt;Centro;85;48;6;5;93;43
406697;1973909;https://www.airbnb.com/rooms/406697;Entire home/apt;Centro;56;12;3;2;88;24,8
410699;2044655;https://www.airbnb.com/rooms/410699;Entire home/apt;Centro;155;50;4;3;97;73,57142857
413240;2056009;https://www.airbnb.com/rooms/413240;Private room;Chamartin;48;10;2;2;99;26,5
414763;1408525;https://www.airbnb.com/rooms/414763;Entire home/apt;Centro;66;32;2;3;92;46
415967;2068619;https://www.airbnb.com/rooms/415967;Entire home/apt;Centro;75;25;3;2;93;35
424816;2111994;https://www.airbnb.com/rooms/424816;Private room;Tetuan;40;35;1;7;85;39,375
427488;2124765;https://www.airbnb.com/rooms/427488;Entire home/apt;Chamberi;200;30;4;1;96;46
429306;2134007;https://www.airbnb.com/rooms/429306;Entire home/apt;Centro;120;95;5;3;96;56,875
429942;1450430;https://www.airbnb.com/rooms/429942;Entire home/apt;Tetuan;80;20;6;5;80;38,18181818
431806;2146727;https://www.airbnb.com/rooms/431806;Private room;Moncloa - Aravaca;35;20;2;55;96;34,12280702
434874;1408525;https://www.airbnb.com/rooms/434874;Entire home/apt;Centro;90;32;3;3;88;50,33333333
437670;805726;https://www.airbnb.com/rooms/437670;Private room;Latina;25;20;2;6;85;21,25
439699;2184051;https://www.airbnb.com/rooms/439699;Entire home/apt;Centro;70;20;4;1;94;18
440596;1280726;https://www.airbnb.com/rooms/440596;Entire home/apt;Chamberi;30;30;4;3;99;17,14285714
442986;2201302;https://www.airbnb.com/rooms/442986;Entire home/apt;Centro;85;40;2;2;92;52,5
449494;814490;https://www.airbnb.com/rooms/449494;Entire home/apt;Centro;55;20;3;4;85;34,28571429
459303;1408525;https://www.airbnb.com/rooms/459303;Entire home/apt;Centro;81;32;4;3;86;39,28571429
459362;1408525;https://www.airbnb.com/rooms/459362;Entire home/apt;Centro;82;32;2;3;94;55,6
462072;2296476;https://www.airbnb.com/rooms/462072;Entire home/apt;Centro;112;75;6;2;98;37,375
463246;2302267;https://www.airbnb.com/rooms/463246;Entire home/apt;Centro;75;35;4;3;96;37,14285714
464307;2307294;https://www.airbnb.com/rooms/464307;Entire home/apt;Centro;85;45;4;3;98;42,85714286
467552;2320165;https://www.airbnb.com/rooms/467552;Entire home/apt;Chamberi;90;20;3;2;94;40
469231;1408525;https://www.airbnb.com/rooms/469231;Entire home/apt;Centro;75;33;2;3;91;51,6
470132;2332600;https://www.airbnb.com/rooms/470132;Entire home/apt;Centro;83;40;4;2;94;34,33333333
471198;1408525;https://www.airbnb.com/rooms/471198;Entire home/apt;Centro;81;32;4;3;85;39,28571429
471238;1408525;https://www.airbnb.com/rooms/471238;Entire home/apt;Centro;82;32;4;4;86;45
471328;1408525;https://www.airbnb.com/rooms/471328;Entire home/apt;Centro;82;32;2;3;90;55,6
477652;1408525;https://www.airbnb.com/rooms/477652;Entire home/apt;Centro;83;33;4;3;84;40,28571429
477656;2367126;https://www.airbnb.com/rooms/477656;Private room;Centro;50;40;2;3;95;38
479618;2376101;https://www.airbnb.com/rooms/479618;Entire home/apt;Centro;85;10;5;4;100;38,88888889
479718;2376402;https://www.airbnb.com/rooms/479718;Entire home/apt;San Blas - Canillejas;350;30;6;3;85;120
482122;1408525;https://www.airbnb.com/rooms/482122;Entire home/apt;Chamberi;88;32;4;5;83;52,44444444
483048;2391244;https://www.airbnb.com/rooms/483048;Private room;Hortaleza;60;0;2;1;99;20
488462;2417075;https://www.airbnb.com/rooms/488462;Entire home/apt;Chamberi;85;19;4;1;83;20,8
489190;2419064;https://www.airbnb.com/rooms/489190;Entire home/apt;Moncloa - Aravaca;190;45;7;2;98;47,22222222
492221;2433045;https://www.airbnb.com/rooms/492221;Entire home/apt;Centro;69;25;2;2;97;40,75
497706;2456671;https://www.airbnb.com/rooms/497706;Entire home/apt;Retiro;60;40;3;1;95;25
499911;2467212;https://www.airbnb.com/rooms/499911;Entire home/apt;Centro;97;30;5;4;98;46,44444444
502918;2480913;https://www.airbnb.com/rooms/502918;Private room;Centro;45;20;1;3;95;38,75
506956;1932547;https://www.airbnb.com/rooms/506956;Entire home/apt;Ciudad Lineal;52;20;4;1;98;14,4
507614;2501740;https://www.airbnb.com/rooms/507614;Entire home/apt;Centro;84;25;4;3;98;39,57142857
510973;2517520;https://www.airbnb.com/rooms/510973;Private room;Centro;60;19;1;2;100;46,33333333
514917;83531;https://www.airbnb.com/rooms/514917;Private room;Latina;17;0;1;4;96;13,6
515008;2536524;https://www.airbnb.com/rooms/515008;Private room;San Blas - Canillejas;25;10;2;10;98;21,66666667
515339;2538187;https://www.airbnb.com/rooms/515339;Entire home/apt;Centro;63;45;4;2;87;28,5
518208;2536524;https://www.airbnb.com/rooms/518208;Private room;San Blas - Canillejas;25;10;2;10;97;21,66666667
518511;1150912;https://www.airbnb.com/rooms/518511;Private room;Centro;40;20;3;2;85;20
521162;2561320;https://www.airbnb.com/rooms/521162;Entire home/apt;Centro;85;35;5;2;94;29,28571429
521367;2564339;https://www.airbnb.com/rooms/521367;Entire home/apt;Centro;67;30;4;3;96;33
522563;1652272;https://www.airbnb.com/rooms/522563;Entire home/apt;Centro;75;19;5;2;94;24,14285714
526162;2249249;https://www.airbnb.com/rooms/526162;Private room;Retiro;19;10;1;2;86;16
526513;1134989;https://www.airbnb.com/rooms/526513;Entire home/apt;Centro;39;39;6;2;95;14,625
531677;2613319;https://www.airbnb.com/rooms/531677;Private room;Centro;34;17;2;2;98;21,25
531854;2569497;https://www.airbnb.com/rooms/531854;Entire home/apt;Centro;55;20;2;2;88;32,5
533450;2619962;https://www.airbnb.com/rooms/533450;Private room;Centro;24;0;1;1;90;12
536574;447969;https://www.airbnb.com/rooms/536574;Entire home/apt;Arganzuela;70;80;10;3;60;22,30769231
540937;2659070;https://www.airbnb.com/rooms/540937;Entire home/apt;Centro;56;25;4;2;90;22,83333333
544736;1284868;https://www.airbnb.com/rooms/544736;Private room;Chamartin;23;18;1;2;95;21,33333333
545174;2680319;https://www.airbnb.com/rooms/545174;Entire home/apt;Chamberi;40;80;4;1;60;24
548995;2673517;https://www.airbnb.com/rooms/548995;Entire home/apt;Retiro;90;30;4;5;98;53,33333333
549483;1091014;https://www.airbnb.com/rooms/549483;Entire home/apt;Centro;99;30;3;3;93;54,5
551966;2659765;https://www.airbnb.com/rooms/551966;Entire home/apt;Centro;65;0;4;30;96;57,35294118
552183;2713304;https://www.airbnb.com/rooms/552183;Private room;Centro;30;15;2;2;97;18,75
555117;2727360;https://www.airbnb.com/rooms/555117;Private room;Salamanca;33;39;2;3;90;27,6
558690;2747005;https://www.airbnb.com/rooms/558690;Entire home/apt;Salamanca;105;30;5;5;93;55,5
560941;596469;https://www.airbnb.com/rooms/560941;Hotel room;Salamanca;100;100;2;5;92;85,71428571
565152;2779192;https://www.airbnb.com/rooms/565152;Entire home/apt;Centro;57;25;4;2;85;23,16666667
566241;2785251;https://www.airbnb.com/rooms/566241;Entire home/apt;Centro;50;75;2;180;97;49,86263736
568190;2795931;https://www.airbnb.com/rooms/568190;Private room;Latina;20;5;2;2;98;11,25
570158;2347489;https://www.airbnb.com/rooms/570158;Private room;Chamberi;22;15;1;2;90;19,66666667
576487;2312712;https://www.airbnb.com/rooms/576487;Entire home/apt;Barajas;78;25;8;1;94;11,44444444
578731;2847013;https://www.airbnb.com/rooms/578731;Entire home/apt;Centro;95;40;5;2;94;32,85714286
578837;2847360;https://www.airbnb.com/rooms/578837;Entire home/apt;Chamberi;60;30;2;366;94;59,75543478
580687;2857508;https://www.airbnb.com/rooms/580687;Entire home/apt;Centro;67;30;4;2;88;27,33333333
581691;2864064;https://www.airbnb.com/rooms/581691;Entire home/apt;Centro;33;30;3;1;93;15,75
586726;2566589;https://www.airbnb.com/rooms/586726;Entire home/apt;Moncloa - Aravaca;85;37;5;30;80;73,91428571
588518;2267893;https://www.airbnb.com/rooms/588518;Entire home/apt;Centro;165;36;2;4;99;116
590710;2913511;https://www.airbnb.com/rooms/590710;Private room;Usera;30;0;2;7;96;23,33333333
594298;153391;https://www.airbnb.com/rooms/594298;Entire home/apt;Centro;105;45;6;1;94;21,42857143
597038;2952250;https://www.airbnb.com/rooms/597038;Entire home/apt;Retiro;155;85;4;2;98;65,83333333
598771;2678039;https://www.airbnb.com/rooms/598771;Entire home/apt;Arganzuela;85;70;3;3;97;54,16666667
599134;1567773;https://www.airbnb.com/rooms/599134;Private room;Centro;30;30;1;30;91;30
599977;2960080;https://www.airbnb.com/rooms/599977;Entire home/apt;Centro;37;15;2;2;85;22,25
600476;2184051;https://www.airbnb.com/rooms/600476;Entire home/apt;Centro;75;30;6;1;97;15
603958;2376101;https://www.airbnb.com/rooms/603958;Entire home/apt;Centro;85;15;4;4;87;44,375
604150;2990747;https://www.airbnb.com/rooms/604150;Entire home/apt;Salamanca;110;50;4;6;90;71
604632;2993477;https://www.airbnb.com/rooms/604632;Private room;Tetuan;29;10;2;1;85;13
606923;2581715;https://www.airbnb.com/rooms/606923;Private room;Moncloa - Aravaca;24;15;1;2;96;21
608742;3017315;https://www.airbnb.com/rooms/608742;Entire home/apt;Centro;65;20;3;3;95;35,83333333
610675;2174652;https://www.airbnb.com/rooms/610675;Entire home/apt;Centro;70;30;4;3;100;34,28571429
618406;3062041;https://www.airbnb.com/rooms/618406;Entire home/apt;Villa de Vallecas;60;20;3;3;85;33,33333333
618576;3017315;https://www.airbnb.com/rooms/618576;Entire home/apt;Centro;70;20;3;3;96;38,33333333
625566;2773350;https://www.airbnb.com/rooms/625566;Entire home/apt;Arganzuela;60;20;2;2;93;35
625700;2634967;https://www.airbnb.com/rooms/625700;Private room;Chamberi;50;15;1;120;95;49,7107438
627873;3117754;https://www.airbnb.com/rooms/627873;Entire home/apt;Chamberi;140;55;4;2;91;55,83333333
628394;3121587;https://www.airbnb.com/rooms/628394;Entire home/apt;Centro;250;70;8;1;94;35,55555556
631737;3141727;https://www.airbnb.com/rooms/631737;Entire home/apt;Chamartin;75;30;6;3;100;28,33333333
642863;3214130;https://www.airbnb.com/rooms/642863;Private room;Centro;45;50;2;4;97;38,33333333
642902;368907;https://www.airbnb.com/rooms/642902;Entire home/apt;Chamberi;197;62;7;3;91;65,3
643471;3290138;https://www.airbnb.com/rooms/643471;Private room;Centro;20;0;2;3;91;12
644592;2991670;https://www.airbnb.com/rooms/644592;Private room;Salamanca;16;0;3;1;85;4
644603;2991670;https://www.airbnb.com/rooms/644603;Private room;Salamanca;22;0;2;4;80;14,66666667
647207;3244793;https://www.airbnb.com/rooms/647207;Entire home/apt;Arganzuela;39;9;2;3;96;25,2
647376;1091014;https://www.airbnb.com/rooms/647376;Entire home/apt;Centro;125;35;4;3;91;58,57142857
647891;3249358;https://www.airbnb.com/rooms/647891;Private room;Chamberi;40;15;2;1;98;18,33333333
656520;1375487;https://www.airbnb.com/rooms/656520;Entire home/apt;Centro;65;50;2;5;93;53,57142857
659887;3329487;https://www.airbnb.com/rooms/659887;Private room;Retiro;29;0;2;14;90;25,375
661688;845399;https://www.airbnb.com/rooms/661688;Private room;Centro;30;7;1;1;82;18,5
668753;3385307;https://www.airbnb.com/rooms/668753;Private room;Chamberi;45;20;1;4;97;40
675713;3432379;https://www.airbnb.com/rooms/675713;Entire home/apt;Centro;80;25;3;3;100;44,16666667
676566;3317937;https://www.airbnb.com/rooms/676566;Entire home/apt;Retiro;75;20;4;3;96;35
678732;2417075;https://www.airbnb.com/rooms/678732;Entire home/apt;Chamberi;149;25;8;1;86;19,33333333
680784;3466426;https://www.airbnb.com/rooms/680784;Private room;Centro;45;25;2;3;97;32
681336;3469687;https://www.airbnb.com/rooms/681336;Entire home/apt;Moncloa - Aravaca;80;30;4;2;95;31,66666667
683208;9228673;https://www.airbnb.com/rooms/683208;Entire home/apt;Salamanca;210;120;6;5;97;106,3636364
684564;1941314;https://www.airbnb.com/rooms/684564;Entire home/apt;Centro;108;80;3;2;94;59,2
685152;3494012;https://www.airbnb.com/rooms/685152;Entire home/apt;Hortaleza;155;65;12;2;83;26,78571429
686041;3508577;https://www.airbnb.com/rooms/686041;Private room;Hortaleza;40;20;2;1;93;20
688795;1732442;https://www.airbnb.com/rooms/688795;Entire home/apt;Centro;75;60;10;2;94;17,5
689099;3357259;https://www.airbnb.com/rooms/689099;Private room;Ciudad Lineal;40;10;1;1;93;25
691458;655088;https://www.airbnb.com/rooms/691458;Private room;Arganzuela;37;0;2;2;96;18,5
692358;3540348;https://www.airbnb.com/rooms/692358;Entire home/apt;Villaverde;98;50;8;3;92;31,27272727
692855;3544353;https://www.airbnb.com/rooms/692855;Entire home/apt;Centro;75;30;4;3;97;36,42857143
694867;3540348;https://www.airbnb.com/rooms/694867;Entire home/apt;Villaverde;75;40;5;3;93;33,125
695909;3021792;https://www.airbnb.com/rooms/695909;Entire home/apt;Centro;80;45;6;2;93;25,625
696928;3569462;https://www.airbnb.com/rooms/696928;Shared room;Salamanca;60;15;3;2;84;27
700756;3534151;https://www.airbnb.com/rooms/700756;Entire home/apt;Retiro;65;30;6;3;94;25
704155;3606346;https://www.airbnb.com/rooms/704155;Entire home/apt;Centro;73;25;4;2;93;28,5
708275;2785251;https://www.airbnb.com/rooms/708275;Entire home/apt;Chamartin;50;75;2;270;87;49,90808824
709208;3648882;https://www.airbnb.com/rooms/709208;Entire home/apt;Centro;69;38;4;2;97;29,33333333
710156;3654886;https://www.airbnb.com/rooms/710156;Private room;Barajas;29;0;2;1;97;9,666666667
710870;3654108;https://www.airbnb.com/rooms/710870;Private room;Chamberi;23;0;3;1;88;5,75
714983;2747005;https://www.airbnb.com/rooms/714983;Entire home/apt;Moratalaz;125;30;7;5;96;54,58333333
716232;2747005;https://www.airbnb.com/rooms/716232;Entire home/apt;Ciudad Lineal;85;30;5;7;95;52,08333333
716292;3691303;https://www.airbnb.com/rooms/716292;Entire home/apt;Centro;72;50;6;3;92;29,55555556
721057;1954334;https://www.airbnb.com/rooms/721057;Entire home/apt;Centro;55;10;4;2;95;20
721377;3724500;https://www.airbnb.com/rooms/721377;Entire home/apt;Fuencarral - El Pardo;50;60;2;7;98;45,55555556
723088;2555202;https://www.airbnb.com/rooms/723088;Entire home/apt;Centro;75;30;6;3;95;28,33333333
724700;3746437;https://www.airbnb.com/rooms/724700;Entire home/apt;Centro;60;30;4;1;89;18
726408;3759135;https://www.airbnb.com/rooms/726408;Entire home/apt;Ciudad Lineal;130;30;2;2;83;72,5
726951;2172169;https://www.airbnb.com/rooms/726951;Entire home/apt;Centro;60;50;3;3;100;38,33333333
727588;498646;https://www.airbnb.com/rooms/727588;Entire home/apt;Puente de Vallecas;43;30;4;30;84;38,82352941
728978;1566057;https://www.airbnb.com/rooms/728978;Entire home/apt;Centro;80;30;5;3;95;33,75
730347;3797913;https://www.airbnb.com/rooms/730347;Entire home/apt;Centro;140;30;6;2;96;38,75
730502;3797913;https://www.airbnb.com/rooms/730502;Entire home/apt;Centro;140;30;6;2;96;38,75
730568;3797913;https://www.airbnb.com/rooms/730568;Entire home/apt;Centro;150;30;6;2;96;41,25
733312;3730591;https://www.airbnb.com/rooms/733312;Entire home/apt;Chamberi;50;100;2;180;75;50
733365;3821608;https://www.airbnb.com/rooms/733365;Private room;Chamberi;35;20;1;2;97;30
738837;3771869;https://www.airbnb.com/rooms/738837;Entire home/apt;Centro;48;50;3;3;90;32,33333333
740200;2952250;https://www.airbnb.com/rooms/740200;Entire home/apt;Salamanca;194;90;4;2;100;79,66666667
745728;3797913;https://www.airbnb.com/rooms/745728;Entire home/apt;Centro;250;60;12;3;97;54
746742;1719263;https://www.airbnb.com/rooms/746742;Entire home/apt;Centro;100;40;4;3;92;48,57142857
747873;1625657;https://www.airbnb.com/rooms/747873;Entire home/apt;Centro;85;40;4;1;98;25
748854;1888816;https://www.airbnb.com/rooms/748854;Private room;Arganzuela;24;0;1;5;93;20
751530;3898452;https://www.airbnb.com/rooms/751530;Entire home/apt;Centro;59;25;4;3;97;28,85714286
752424;216570;https://www.airbnb.com/rooms/752424;Entire home/apt;Centro;110;30;5;3;90;45
752515;3438657;https://www.airbnb.com/rooms/752515;Entire home/apt;Centro;50;40;2;2;94;35
754678;3961468;https://www.airbnb.com/rooms/754678;Entire home/apt;Centro;135;60;8;3;96;42,27272727
755535;2536524;https://www.airbnb.com/rooms/755535;Private room;San Blas - Canillejas;42;10;2;10;96;35,83333333
755587;3898452;https://www.airbnb.com/rooms/755587;Entire home/apt;Centro;59;25;4;30;98;52,79411765
756143;1650712;https://www.airbnb.com/rooms/756143;Entire home/apt;Centro;104;50;3;2;91;51,6
756257;596469;https://www.airbnb.com/rooms/756257;Hotel room;Centro;100;85;3;5;85;73,125
756707;3983613;https://www.airbnb.com/rooms/756707;Entire home/apt;Centro;110;30;4;3;97;51,42857143
758670;2536524;https://www.airbnb.com/rooms/758670;Private room;San Blas - Canillejas;27;10;2;10;94;23,33333333
759575;690223;https://www.airbnb.com/rooms/759575;Entire home/apt;Centro;104;50;5;3;85;45,25
760482;4008643;https://www.airbnb.com/rooms/760482;Entire home/apt;Tetuan;145;55;8;2;95;34,5
761015;2670977;https://www.airbnb.com/rooms/761015;Entire home/apt;Centro;70;30;4;2;94;28,33333333
761159;4012290;https://www.airbnb.com/rooms/761159;Entire home/apt;Centro;59;25;4;3;98;28,85714286
762701;378073;https://www.airbnb.com/rooms/762701;Entire home/apt;Centro;85;30;4;3;93;40,71428571
763214;4032439;https://www.airbnb.com/rooms/763214;Entire home/apt;Centro;65;30;4;3;94;32,14285714
766160;4036376;https://www.airbnb.com/rooms/766160;Entire home/apt;Centro;58;20;2;1;88;26
768311;4053105;https://www.airbnb.com/rooms/768311;Entire home/apt;Centro;61;30;2;3;96;42,6
769210;2695144;https://www.airbnb.com/rooms/769210;Private room;Hortaleza;28;20;1;3;92;26
771364;4069734;https://www.airbnb.com/rooms/771364;Entire home/apt;Centro;48;40;2;90;88;47,39130435
772646;3606346;https://www.airbnb.com/rooms/772646;Entire home/apt;Centro;73;25;4;2;93;28,5
773608;2991925;https://www.airbnb.com/rooms/773608;Private room;Centro;35;20;2;1;97;18,33333333
773861;1732442;https://www.airbnb.com/rooms/773861;Entire home/apt;Centro;75;60;12;2;93;15
773990;4083688;https://www.airbnb.com/rooms/773990;Entire home/apt;Centro;49;15;2;3;89;32,4
779960;4112877;https://www.airbnb.com/rooms/779960;Entire home/apt;Centro;95;20;2;5;96;70,71428571
780397;4068975;https://www.airbnb.com/rooms/780397;Entire home/apt;Arganzuela;145;70;8;3;84;45,90909091
781012;4118311;https://www.airbnb.com/rooms/781012;Private room;Centro;35;0;1;2;97;23,33333333
781604;4103866;https://www.airbnb.com/rooms/781604;Private room;Tetuan;40;20;2;1;97;20
781665;4103866;https://www.airbnb.com/rooms/781665;Private room;Tetuan;30;20;1;1;96;25
783647;4132185;https://www.airbnb.com/rooms/783647;Private room;Ciudad Lineal;24;10;1;1;98;17
783752;2991925;https://www.airbnb.com/rooms/783752;Private room;Centro;33;20;2;3;100;23,8
785506;378073;https://www.airbnb.com/rooms/785506;Entire home/apt;Retiro;85;30;4;3;94;40,71428571
789681;4161237;https://www.airbnb.com/rooms/789681;Entire home/apt;Centro;80;180;6;1;88;37,14285714
793618;4180632;https://www.airbnb.com/rooms/793618;Entire home/apt;Centro;220;85;8;2;96;52,5
797030;4198169;https://www.airbnb.com/rooms/797030;Entire home/apt;San Blas - Canillejas;45;35;3;5;96;32,5
804681;4235741;https://www.airbnb.com/rooms/804681;Private room;Barajas;28;50;2;10;100;27,5
809554;630482;https://www.airbnb.com/rooms/809554;Private room;Carabanchel;20;5;2;4;80;14,16666667
814586;4277536;https://www.airbnb.com/rooms/814586;Entire home/apt;Centro;87;40;4;3;94;43
815818;4286142;https://www.airbnb.com/rooms/815818;Entire home/apt;Centro;85;30;2;4;97;61,66666667
817184;4292037;https://www.airbnb.com/rooms/817184;Entire home/apt;Centro;50;40;4;2;89;23,33333333
817848;4295642;https://www.airbnb.com/rooms/817848;Entire home/apt;Centro;65;30;2;3;97;45
819738;4305310;https://www.airbnb.com/rooms/819738;Entire home/apt;Centro;95;30;5;2;96;31,42857143
820642;1341870;https://www.airbnb.com/rooms/820642;Entire home/apt;Centro;129;50;4;2;96;51,33333333
821556;4211443;https://www.airbnb.com/rooms/821556;Private room;Centro;65;50;2;2;100;45
823321;4305310;https://www.airbnb.com/rooms/823321;Entire home/apt;Centro;75;30;4;3;97;36,42857143
828095;2333408;https://www.airbnb.com/rooms/828095;Private room;San Blas - Canillejas;12;0;1;2;100;8
831616;4354906;https://www.airbnb.com/rooms/831616;Entire home/apt;Centro;65;20;4;5;94;38,33333333
832102;4356259;https://www.airbnb.com/rooms/832102;Entire home/apt;Chamberi;65;30;3;3;93;37,5
833871;4292037;https://www.airbnb.com/rooms/833871;Entire home/apt;Centro;55;40;4;2;91;25
834562;4365768;https://www.airbnb.com/rooms/834562;Entire home/apt;Barajas;110;50;10;1;98;14,54545455
834675;4190662;https://www.airbnb.com/rooms/834675;Private room;Puente de Vallecas;25;15;2;2;96;16,25
835333;153391;https://www.airbnb.com/rooms/835333;Entire home/apt;Centro;67;40;2;1;91;35,66666667
837183;4310374;https://www.airbnb.com/rooms/837183;Entire home/apt;Moncloa - Aravaca;125;25;4;1;88;30
840561;4279976;https://www.airbnb.com/rooms/840561;Entire home/apt;Moncloa - Aravaca;96;40;2;7;100;79,11111111
840844;3298293;https://www.airbnb.com/rooms/840844;Entire home/apt;Salamanca;200;25;4;3;96;89,28571429
843700;4211443;https://www.airbnb.com/rooms/843700;Private room;Centro;65;50;2;2;100;45
843729;4211443;https://www.airbnb.com/rooms/843729;Entire home/apt;Centro;115;60;6;2;95;36,25
844856;4410687;https://www.airbnb.com/rooms/844856;Entire home/apt;Centro;62;35;4;3;93;31,57142857
846558;2489796;https://www.airbnb.com/rooms/846558;Private room;Centro;40;0;2;3;94;24
847252;4424170;https://www.airbnb.com/rooms/847252;Entire home/apt;Ciudad Lineal;49;25;3;14;97;41,82352941
847273;4424222;https://www.airbnb.com/rooms/847273;Entire home/apt;Moratalaz;140;50;8;3;97;42,72727273
847724;1331093;https://www.airbnb.com/rooms/847724;Private room;Centro;60;15;2;2;100;33,75
848480;153391;https://www.airbnb.com/rooms/848480;Entire home/apt;Centro;155;60;8;2;94;37
851311;4424070;https://www.airbnb.com/rooms/851311;Entire home/apt;Centro;65;25;2;4;98;47,5
852607;3726732;https://www.airbnb.com/rooms/852607;Entire home/apt;Centro;59;43;3;3;92;36,66666667
852623;3726732;https://www.airbnb.com/rooms/852623;Entire home/apt;Centro;107;65;4;3;87;55,14285714
852636;3726732;https://www.airbnb.com/rooms/852636;Entire home/apt;Centro;57;60;2;3;96;46,2
852654;3726732;https://www.airbnb.com/rooms/852654;Entire home/apt;Centro;67;47;2;3;94;49,6
852660;3726732;https://www.airbnb.com/rooms/852660;Entire home/apt;Centro;68;47;4;3;93;35,85714286
853804;4247556;https://www.airbnb.com/rooms/853804;Entire home/apt;Centro;95;30;2;5;98;72,14285714
856669;584351;https://www.airbnb.com/rooms/856669;Entire home/apt;Centro;70;30;3;3;86;40
861590;1714750;https://www.airbnb.com/rooms/861590;Entire home/apt;Centro;140;50;4;3;96;67,14285714
862462;2456671;https://www.airbnb.com/rooms/862462;Entire home/apt;Centro;60;30;4;1;95;18
864488;3631892;https://www.airbnb.com/rooms/864488;Entire home/apt;Centro;49;20;3;2;92;23,6
865387;2668849;https://www.airbnb.com/rooms/865387;Entire home/apt;Centro;31;20;2;2;92;20,5
867629;2419618;https://www.airbnb.com/rooms/867629;Private room;Centro;40;20;2;1;93;20
868776;4312150;https://www.airbnb.com/rooms/868776;Entire home/apt;Centro;55;25;4;4;88;30,625
869276;596469;https://www.airbnb.com/rooms/869276;Hotel room;Centro;80;75;2;5;96;67,85714286
869674;4582755;https://www.airbnb.com/rooms/869674;Entire home/apt;Centro;70;20;4;2;100;26,66666667
870964;1221103;https://www.airbnb.com/rooms/870964;Entire home/apt;Chamberi;64;0;2;15;91;56,47058824
871387;4504807;https://www.airbnb.com/rooms/871387;Entire home/apt;Centro;100;40;3;2;94;48
874029;4603165;https://www.airbnb.com/rooms/874029;Private room;San Blas - Canillejas;30;10;2;2;99;17,5
876358;4628173;https://www.airbnb.com/rooms/876358;Entire home/apt;Chamartin;70;50;4;1;97;24
876372;805726;https://www.airbnb.com/rooms/876372;Private room;Centro;25;20;2;2;75;17,5
881466;3917443;https://www.airbnb.com/rooms/881466;Entire home/apt;Arganzuela;75;25;4;3;93;35,71428571
883037;4674072;https://www.airbnb.com/rooms/883037;Private room;Arganzuela;24;0;1;1;91;12
883469;4677030;https://www.airbnb.com/rooms/883469;Entire home/apt;Salamanca;140;100;6;3;95;57,77777778
883527;4677458;https://www.airbnb.com/rooms/883527;Entire home/apt;Salamanca;42;0;3;60;100;40
884856;4684397;https://www.airbnb.com/rooms/884856;Private room;Centro;40;15;2;1;76;18,33333333
886932;2646146;https://www.airbnb.com/rooms/886932;Hotel room;Salamanca;50;0;3;1;89;12,5
887754;2991670;https://www.airbnb.com/rooms/887754;Private room;Salamanca;19;0;2;2;84;9,5
888289;4710774;https://www.airbnb.com/rooms/888289;Entire home/apt;Centro;90;40;2;3;97;62
890347;4665174;https://www.airbnb.com/rooms/890347;Entire home/apt;Centro;69;15;2;14;96;61,3125
892774;1467260;https://www.airbnb.com/rooms/892774;Entire home/apt;Latina;39;50;3;5;92;30,625
894495;4762305;https://www.airbnb.com/rooms/894495;Entire home/apt;Centro;72;50;2;1;95;40,66666667
896209;4777959;https://www.airbnb.com/rooms/896209;Entire home/apt;Chamartin;55;20;2;2;92;32,5
901545;266650;https://www.airbnb.com/rooms/901545;Entire home/apt;Retiro;120;60;4;25;94;105,5172414
901897;1331093;https://www.airbnb.com/rooms/901897;Entire home/apt;Centro;120;35;4;3;98;56,42857143
902046;4819459;https://www.airbnb.com/rooms/902046;Private room;Barajas;30;0;1;1;95;15
902946;4826927;https://www.airbnb.com/rooms/902946;Entire home/apt;Centro;50;12;2;2;90;28
903707;4831338;https://www.airbnb.com/rooms/903707;Entire home/apt;Centro;49;0;4;29;87;43,06060606
904741;4839888;https://www.airbnb.com/rooms/904741;Entire home/apt;Centro;135;30;4;2;93;50
904769;4839888;https://www.airbnb.com/rooms/904769;Entire home/apt;Centro;89;30;4;2;93;34,66666667
904775;4839888;https://www.airbnb.com/rooms/904775;Entire home/apt;Centro;132;30;6;2;92;36,75
907386;4860266;https://www.airbnb.com/rooms/907386;Entire home/apt;Centro;90;50;2;4;99;68,33333333
923140;1574604;https://www.airbnb.com/rooms/923140;Entire home/apt;Centro;130;40;4;3;98;61,42857143
923645;4967875;https://www.airbnb.com/rooms/923645;Entire home/apt;Retiro;94;35;5;2;96;31,85714286
924771;4974280;https://www.airbnb.com/rooms/924771;Entire home/apt;Arganzuela;80;30;4;13;98;62,94117647
924876;1714750;https://www.airbnb.com/rooms/924876;Entire home/apt;Centro;120;40;5;3;91;50
925250;4975799;https://www.airbnb.com/rooms/925250;Private room;Centro;45;10;2;2;93;25
925339;4977367;https://www.airbnb.com/rooms/925339;Entire home/apt;Centro;68;30;5;1;92;16,33333333
926653;2864064;https://www.airbnb.com/rooms/926653;Entire home/apt;Centro;66;30;4;1;96;19,2
933326;5031865;https://www.airbnb.com/rooms/933326;Entire home/apt;Arganzuela;120;40;5;2;95;40
936157;5052379;https://www.airbnb.com/rooms/936157;Entire home/apt;Centro;150;80;4;3;95;75,71428571
938410;9228673;https://www.airbnb.com/rooms/938410;Entire home/apt;Salamanca;220;90;4;5;94;132,2222222
940649;5084073;https://www.airbnb.com/rooms/940649;Entire home/apt;Arganzuela;73;0;4;5;96;40,55555556
944555;5114074;https://www.airbnb.com/rooms/944555;Entire home/apt;Centro;72;15;3;3;97;38,5
945003;850654;https://www.airbnb.com/rooms/945003;Private room;Centro;37;24;8;2;67;9,8
945323;1738341;https://www.airbnb.com/rooms/945323;Entire home/apt;Centro;105;35;8;1;71;15,55555556
947169;5132742;https://www.airbnb.com/rooms/947169;Entire home/apt;Centro;48;30;2;3;96;34,8
948141;4722486;https://www.airbnb.com/rooms/948141;Entire home/apt;Centro;95;30;4;1;92;25
956245;1425071;https://www.airbnb.com/rooms/956245;Entire home/apt;Chamberi;82;25;5;3;92;33,875
956431;5198285;https://www.airbnb.com/rooms/956431;Entire home/apt;Latina;70;30;4;3;86;34,28571429
958020;5211661;https://www.airbnb.com/rooms/958020;Entire home/apt;Centro;59;25;4;2;96;23,83333333
967421;1647109;https://www.airbnb.com/rooms/967421;Entire home/apt;Chamberi;90;0;4;3;91;38,57142857
970485;5302455;https://www.airbnb.com/rooms/970485;Entire home/apt;Retiro;350;0;16;5;98;83,33333333
977261;5347216;https://www.airbnb.com/rooms/977261;Private room;Centro;25;0;1;2;93;16,66666667
981016;534128;https://www.airbnb.com/rooms/981016;Entire home/apt;Centro;185;0;6;3;97;61,66666667
981368;534128;https://www.airbnb.com/rooms/981368;Entire home/apt;Chamberi;60;50;4;30;100;54,41176471
981369;534128;https://www.airbnb.com/rooms/981369;Entire home/apt;Chamberi;205;0;8;3;88;55,90909091
983019;5386601;https://www.airbnb.com/rooms/983019;Private room;Puente de Vallecas;27;0;2;4;95;18
983410;5389129;https://www.airbnb.com/rooms/983410;Entire home/apt;Tetuan;60;0;4;1;92;12
985160;4839698;https://www.airbnb.com/rooms/985160;Entire home/apt;Centro;65;20;2;3;96;43
986924;1714541;https://www.airbnb.com/rooms/986924;Entire home/apt;Ciudad Lineal;55;25;6;1;85;11,42857143
987537;2561320;https://www.airbnb.com/rooms/987537;Entire home/apt;Centro;90;35;5;2;96;30,71428571
998127;5343904;https://www.airbnb.com/rooms/998127;Private room;Centro;44;15;2;2;94;25,75
1003171;5516172;https://www.airbnb.com/rooms/1003171;Private room;Fuencarral - El Pardo;18;0;1;7;99;15,75
1003602;1130651;https://www.airbnb.com/rooms/1003602;Entire home/apt;Centro;70;12;3;2;87;30,4
1003900;5521269;https://www.airbnb.com/rooms/1003900;Entire home/apt;Centro;85;40;4;4;95;47,5
1005240;5528551;https://www.airbnb.com/rooms/1005240;Entire home/apt;Centro;69;43;2;3;92;50
1007532;5542111;https://www.airbnb.com/rooms/1007532;Entire home/apt;Centro;74;40;4;1;87;22,8
1017521;4361819;https://www.airbnb.com/rooms/1017521;Private room;Centro;37;10;1;2;94;28
1020785;5618733;https://www.airbnb.com/rooms/1020785;Private room;Chamberi;30;10;1;4;96;26
1038867;5719307;https://www.airbnb.com/rooms/1038867;Entire home/apt;Centro;65;20;4;2;90;25
1039376;5722524;https://www.airbnb.com/rooms/1039376;Entire home/apt;Barajas;42;30;2;7;100;36
1039454;4967875;https://www.airbnb.com/rooms/1039454;Entire home/apt;Retiro;94;35;5;2;90;31,85714286
1046271;5759904;https://www.airbnb.com/rooms/1046271;Entire home/apt;Centro;46;0;4;2;92;15,33333333
1050948;5785483;https://www.airbnb.com/rooms/1050948;Private room;Salamanca;30;30;2;3;95;24
1052457;5795235;https://www.airbnb.com/rooms/1052457;Entire home/apt;Centro;70;30;4;3;95;34,28571429
1053180;5798033;https://www.airbnb.com/rooms/1053180;Entire home/apt;Centro;80;40;5;2;97;28,57142857
1053662;5801580;https://www.airbnb.com/rooms/1053662;Private room;Chamberi;24;20;1;1;100;22
1055724;5814460;https://www.airbnb.com/rooms/1055724;Private room;Chamberi;30;8;2;2;96;17
1056151;571765;https://www.airbnb.com/rooms/1056151;Entire home/apt;Centro;70;30;4;2;96;28,33333333
1057560;5824815;https://www.airbnb.com/rooms/1057560;Entire home/apt;Centro;101;50;8;3;91;32,09090909
1062218;2214378;https://www.airbnb.com/rooms/1062218;Private room;Centro;34;5;2;2;94;18,25
1065075;5735364;https://www.airbnb.com/rooms/1065075;Private room;Chamberi;22;15;1;2;93;19,66666667
1065714;5542111;https://www.airbnb.com/rooms/1065714;Entire home/apt;Centro;75;40;4;1;86;23
1065918;5542111;https://www.airbnb.com/rooms/1065918;Entire home/apt;Centro;65;40;4;1;83;21
1066993;5869715;https://www.airbnb.com/rooms/1066993;Entire home/apt;Centro;45;20;3;2;81;22
1067941;5876034;https://www.airbnb.com/rooms/1067941;Entire home/apt;Tetuan;90;30;4;2;88;35
1069174;5896428;https://www.airbnb.com/rooms/1069174;Entire home/apt;Centro;75;16;2;2;91;41,5
1075749;5918751;https://www.airbnb.com/rooms/1075749;Entire home/apt;Centro;150;30;5;3;91;60
1078100;2991925;https://www.airbnb.com/rooms/1078100;Private room;Centro;33;20;2;1;92;17,66666667
1079119;5935817;https://www.airbnb.com/rooms/1079119;Entire home/apt;Chamberi;95;20;4;2;93;35
1079722;5785483;https://www.airbnb.com/rooms/1079722;Private room;Salamanca;30;30;1;3;96;30
1082218;5950981;https://www.airbnb.com/rooms/1082218;Entire home/apt;Centro;76;30;2;4;97;55,66666667
1082942;2228918;https://www.airbnb.com/rooms/1082942;Entire home/apt;Centro;69;40;3;3;90;41,16666667
1083663;5941001;https://www.airbnb.com/rooms/1083663;Entire home/apt;Centro;50;27;2;2;94;31,75
1085217;3612732;https://www.airbnb.com/rooms/1085217;Private room;Centro;55;45;1;1;97;50
1085898;2044655;https://www.airbnb.com/rooms/1085898;Entire home/apt;Centro;130;50;4;3;96;62,85714286
1086124;2044655;https://www.airbnb.com/rooms/1086124;Entire home/apt;Centro;99;50;4;3;96;49,57142857
1087049;2044655;https://www.airbnb.com/rooms/1087049;Entire home/apt;Centro;230;60;8;3;97;68,18181818
1090988;5785483;https://www.airbnb.com/rooms/1090988;Private room;Salamanca;30;30;2;3;97;24
1092467;153391;https://www.airbnb.com/rooms/1092467;Entire home/apt;Centro;76;35;2;2;89;46,75
1092508;153391;https://www.airbnb.com/rooms/1092508;Entire home/apt;Centro;74;35;2;2;93;45,75
1092628;153391;https://www.airbnb.com/rooms/1092628;Entire home/apt;Centro;75;35;4;1;86;22
1092967;993166;https://www.airbnb.com/rooms/1092967;Entire home/apt;Centro;50;20;2;5;93;38,57142857
1101760;2847013;https://www.airbnb.com/rooms/1101760;Entire home/apt;Centro;85;42;4;2;95;35,33333333
1105892;6072314;https://www.airbnb.com/rooms/1105892;Private room;Centro;45;10;6;2;82;12,5
1106495;6075016;https://www.airbnb.com/rooms/1106495;Entire home/apt;Centro;58;26;3;1;84;21
1112289;6104199;https://www.airbnb.com/rooms/1112289;Private room;Puente de Vallecas;24;20;1;5;97;23,33333333
1114960;6119221;https://www.airbnb.com/rooms/1114960;Entire home/apt;Centro;70;30;4;3;93;34,28571429
1121429;6152491;https://www.airbnb.com/rooms/1121429;Entire home/apt;Centro;35;25;2;4;92;27,5
1121590;124972;https://www.airbnb.com/rooms/1121590;Entire home/apt;Moncloa - Aravaca;50;60;2;6;93;45
1128626;6191686;https://www.airbnb.com/rooms/1128626;Entire home/apt;Centro;40;17;2;20;90;37,13636364
1129694;5870563;https://www.airbnb.com/rooms/1129694;Entire home/apt;Centro;85;0;2;2;95;42,5
1130788;1450378;https://www.airbnb.com/rooms/1130788;Entire home/apt;Chamberi;26;36;1;150;100;26,06622517
1137823;6241052;https://www.airbnb.com/rooms/1137823;Entire home/apt;Chamberi;79;20;4;2;99;29,66666667
1143674;6270912;https://www.airbnb.com/rooms/1143674;Entire home/apt;Centro;85;22;4;5;98;49,66666667
1152829;6282893;https://www.airbnb.com/rooms/1152829;Entire home/apt;Salamanca;118;0;4;1;94;23,6
1153128;6319722;https://www.airbnb.com/rooms/1153128;Private room;Chamberi;44;25;1;7;96;41,625
1153242;6284734;https://www.airbnb.com/rooms/1153242;Entire home/apt;Centro;60;40;2;3;82;44
1159972;4599639;https://www.airbnb.com/rooms/1159972;Entire home/apt;Centro;150;50;4;2;67;58,33333333
1160005;4599639;https://www.airbnb.com/rooms/1160005;Entire home/apt;Centro;62;40;3;2;94;32,8
1162859;6369472;https://www.airbnb.com/rooms/1162859;Entire home/apt;Chamberi;53;0;2;2;95;26,5
1168731;1703448;https://www.airbnb.com/rooms/1168731;Entire home/apt;Villaverde;69;0;4;3;99;29,57142857
1170855;927343;https://www.airbnb.com/rooms/1170855;Entire home/apt;Centro;72;45;4;3;89;37,28571429
1172916;6420689;https://www.airbnb.com/rooms/1172916;Private room;Latina;22;9;2;2;91;13,25
1172982;6412103;https://www.airbnb.com/rooms/1172982;Entire home/apt;Centro;57;0;3;3;95;28,5
1176241;6436336;https://www.airbnb.com/rooms/1176241;Entire home/apt;Centro;40;65;2;6;88;38,125
1177790;6443996;https://www.airbnb.com/rooms/1177790;Entire home/apt;Centro;45;100;2;90;92;45,10869565
1182242;6466920;https://www.airbnb.com/rooms/1182242;Entire home/apt;Retiro;91;40;6;4;96;40,4
1184735;3983613;https://www.airbnb.com/rooms/1184735;Entire home/apt;Centro;140;40;4;3;98;65,71428571
1185475;6483080;https://www.airbnb.com/rooms/1185475;Entire home/apt;Centro;80;30;2;2;94;47,5
1194316;2864064;https://www.airbnb.com/rooms/1194316;Entire home/apt;Centro;51;30;4;1;95;16,2
1198047;5795235;https://www.airbnb.com/rooms/1198047;Entire home/apt;Centro;70;30;4;3;92;34,28571429
1206122;4967875;https://www.airbnb.com/rooms/1206122;Entire home/apt;Retiro;94;35;5;2;85;31,85714286
1209383;4790263;https://www.airbnb.com/rooms/1209383;Private room;Arganzuela;35;10;2;2;98;20
1209661;3331390;https://www.airbnb.com/rooms/1209661;Entire home/apt;Arganzuela;84;0;4;3;94;36
1214008;4440463;https://www.airbnb.com/rooms/1214008;Private room;Puente de Vallecas;16;0;2;2;90;8
1216199;6636854;https://www.airbnb.com/rooms/1216199;Entire home/apt;Centro;90;15;4;1;95;21
1220946;6566447;https://www.airbnb.com/rooms/1220946;Entire home/apt;Centro;75;45;6;2;89;24,375
1230570;6598518;https://www.airbnb.com/rooms/1230570;Entire home/apt;Centro;77;20;3;4;90;46,85714286
1234836;5542111;https://www.airbnb.com/rooms/1234836;Entire home/apt;Centro;60;40;5;1;82;16,66666667
1238018;6749419;https://www.airbnb.com/rooms/1238018;Entire home/apt;Centro;72;30;4;3;90;35,14285714
1239125;6754321;https://www.airbnb.com/rooms/1239125;Entire home/apt;Chamberi;150;70;4;3;95;74,28571429
1239334;6755278;https://www.airbnb.com/rooms/1239334;Private room;Retiro;25;10;2;1;97;11,66666667
1241739;596469;https://www.airbnb.com/rooms/1241739;Hotel room;Centro;90;85;4;5;94;59,44444444
1242828;4599639;https://www.airbnb.com/rooms/1242828;Entire home/apt;Centro;1000;40;3;2;87;408
1248292;6566447;https://www.airbnb.com/rooms/1248292;Entire home/apt;Centro;75;45;4;2;93;32,5
1251520;6818751;https://www.airbnb.com/rooms/1251520;Private room;Centro;32;7;2;3;97;20,6
1254955;6730063;https://www.airbnb.com/rooms/1254955;Entire home/apt;Arganzuela;65;0;4;5;91;36,11111111
1255811;6774354;https://www.airbnb.com/rooms/1255811;Entire home/apt;Arganzuela;75;0;8;5;96;28,84615385
1256157;2067969;https://www.airbnb.com/rooms/1256157;Entire home/apt;Centro;85;0;4;15;96;67,10526316
1259915;6861593;https://www.airbnb.com/rooms/1259915;Private room;Chamberi;55;30;1;7;100;51,875
1263062;4304796;https://www.airbnb.com/rooms/1263062;Private room;Arganzuela;36;5;2;2;96;19,25
1263329;4304796;https://www.airbnb.com/rooms/1263329;Private room;Arganzuela;38;5;3;2;97;16,2
1266548;4839888;https://www.airbnb.com/rooms/1266548;Entire home/apt;Centro;79;20;4;2;93;29,66666667
1266877;6282893;https://www.airbnb.com/rooms/1266877;Entire home/apt;Centro;153;0;6;1;96;21,85714286
1267730;6566447;https://www.airbnb.com/rooms/1267730;Entire home/apt;Centro;75;45;6;2;90;24,375
1272747;4839888;https://www.airbnb.com/rooms/1272747;Entire home/apt;Centro;75;20;2;2;94;42,5
1273055;6928584;https://www.airbnb.com/rooms/1273055;Entire home/apt;Centro;100;0;4;17;97;80,95238095
1274889;2833018;https://www.airbnb.com/rooms/1274889;Entire home/apt;Chamberi;85;25;5;2;88;27,85714286
1275848;6944433;https://www.airbnb.com/rooms/1275848;Private room;Centro;28;22;2;3;87;21,2
1281843;6871745;https://www.airbnb.com/rooms/1281843;Entire home/apt;Centro;65;180;2;6;100;71,25
1283870;6072314;https://www.airbnb.com/rooms/1283870;Private room;Centro;50;10;2;2;85;27,5
1289823;142989;https://www.airbnb.com/rooms/1289823;Entire home/apt;Vicalvaro;52;28;4;2;94;22
1296584;7049661;https://www.airbnb.com/rooms/1296584;Entire home/apt;Centro;48;20;3;2;80;23,2
1297217;4190343;https://www.airbnb.com/rooms/1297217;Entire home/apt;Centro;65;30;5;2;94;22,85714286
1298830;7062138;https://www.airbnb.com/rooms/1298830;Entire home/apt;Arganzuela;52;25;4;2;92;21,5
1302691;5542111;https://www.airbnb.com/rooms/1302691;Entire home/apt;Centro;72;40;5;1;87;18,66666667
1302882;2991925;https://www.airbnb.com/rooms/1302882;Private room;Centro;29;20;2;1;94;16,33333333
1308138;6774514;https://www.airbnb.com/rooms/1308138;Entire home/apt;Carabanchel;51;40;5;5;86;29,5
1309325;7117225;https://www.airbnb.com/rooms/1309325;Private room;Hortaleza;26;11;2;2;98;15,75
1310289;7122460;https://www.airbnb.com/rooms/1310289;Entire home/apt;Salamanca;350;45;6;3;100;121,6666667
1316794;7153063;https://www.airbnb.com/rooms/1316794;Entire home/apt;Centro;65;35;4;3;95;32,85714286
1320674;7170175;https://www.airbnb.com/rooms/1320674;Entire home/apt;Centro;59;30;3;1;99;22,25
1330726;7218465;https://www.airbnb.com/rooms/1330726;Entire home/apt;Centro;45;30;2;3;89;33
1330947;4361819;https://www.airbnb.com/rooms/1330947;Entire home/apt;Centro;79;40;4;2;92;33
1331106;1470394;https://www.airbnb.com/rooms/1331106;Private room;Centro;28;100;1;60;94;29,18032787
1331817;7223907;https://www.airbnb.com/rooms/1331817;Entire home/apt;Centro;70;30;3;3;94;40
1334684;5919800;https://www.airbnb.com/rooms/1334684;Entire home/apt;Chamberi;75;50;2;1;95;41,66666667
1335588;7033920;https://www.airbnb.com/rooms/1335588;Entire home/apt;Centro;59;46;2;4;94;47
1336818;7249376;https://www.airbnb.com/rooms/1336818;Entire home/apt;Chamartin;75;35;2;2;97;46,25
1343630;2833018;https://www.airbnb.com/rooms/1343630;Private room;Chamberi;35;10;1;1;97;22,5
1344035;3105381;https://www.airbnb.com/rooms/1344035;Private room;Tetuan;25;0;1;2;92;16,66666667
1346747;7306349;https://www.airbnb.com/rooms/1346747;Entire home/apt;Centro;69;40;4;2;92;29,66666667
1357593;852616;https://www.airbnb.com/rooms/1357593;Entire home/apt;Centro;55;45;4;3;91;30
1362476;7375454;https://www.airbnb.com/rooms/1362476;Entire home/apt;Centro;85;30;6;2;94;25
1362727;7395294;https://www.airbnb.com/rooms/1362727;Entire home/apt;Centro;65;20;2;2;95;37,5
1380233;7420783;https://www.airbnb.com/rooms/1380233;Entire home/apt;Centro;60;30;2;2;93;37,5
1394721;2741468;https://www.airbnb.com/rooms/1394721;Entire home/apt;Centro;110;20;3;2;95;48
1408400;7595958;https://www.airbnb.com/rooms/1408400;Entire home/apt;Centro;79;0;3;3;96;39,5
1409746;1714541;https://www.airbnb.com/rooms/1409746;Entire home/apt;Ciudad Lineal;55;25;6;1;87;11,42857143
1426027;5633658;https://www.airbnb.com/rooms/1426027;Entire home/apt;Centro;65;30;6;3;95;25
1430003;2564339;https://www.airbnb.com/rooms/1430003;Entire home/apt;Centro;75;30;4;3;94;36,42857143
1431541;7448200;https://www.airbnb.com/rooms/1431541;Entire home/apt;Chamberi;120;100;7;5;92;58,33333333
1434789;2564339;https://www.airbnb.com/rooms/1434789;Entire home/apt;Centro;90;40;4;3;93;44,28571429
1436362;4361819;https://www.airbnb.com/rooms/1436362;Private room;Centro;37;15;1;1;94;26
1443639;7751680;https://www.airbnb.com/rooms/1443639;Entire home/apt;Centro;69;20;3;2;92;31,6
1458472;5500409;https://www.airbnb.com/rooms/1458472;Entire home/apt;Centro;85;30;5;3;97;35,625
1460247;7823688;https://www.airbnb.com/rooms/1460247;Entire home/apt;Centro;250;40;8;3;95;71,81818182
1463482;7828783;https://www.airbnb.com/rooms/1463482;Entire home/apt;Fuencarral - El Pardo;59;25;2;4;97;43,5
1463763;7823688;https://www.airbnb.com/rooms/1463763;Entire home/apt;Centro;270;40;8;3;95;77,27272727
1465382;7850049;https://www.airbnb.com/rooms/1465382;Entire home/apt;Centro;55;20;2;3;97;37
1473278;7652350;https://www.airbnb.com/rooms/1473278;Entire home/apt;Salamanca;160;0;6;7;91;86,15384615
1485339;7943769;https://www.airbnb.com/rooms/1485339;Entire home/apt;San Blas - Canillejas;60;30;2;3;91;42
1496514;4599639;https://www.airbnb.com/rooms/1496514;Entire home/apt;Centro;130;70;4;2;96;55
1496523;4599639;https://www.airbnb.com/rooms/1496523;Entire home/apt;Centro;1000;40;4;2;96;340
1500875;4839888;https://www.airbnb.com/rooms/1500875;Entire home/apt;Centro;82;30;3;2;94;38,8
1522608;8125749;https://www.airbnb.com/rooms/1522608;Entire home/apt;Centro;150;60;4;3;89;72,85714286
1523675;8130428;https://www.airbnb.com/rooms/1523675;Entire home/apt;Centro;49;20;2;1;95;23
1532354;7218465;https://www.airbnb.com/rooms/1532354;Entire home/apt;Centro;48;30;2;3;93;34,8
1536252;8192639;https://www.airbnb.com/rooms/1536252;Entire home/apt;Centro;36;20;3;1;93;14
1547100;8231348;https://www.airbnb.com/rooms/1547100;Private room;Latina;35;0;2;2;97;17,5
1569343;8345477;https://www.airbnb.com/rooms/1569343;Entire home/apt;Salamanca;91;15;4;5;89;52,22222222
1577701;8385568;https://www.airbnb.com/rooms/1577701;Private room;Centro;22;0;1;5;93;18,33333333
1579108;6816328;https://www.airbnb.com/rooms/1579108;Entire home/apt;Centro;80;35;4;2;95;32,5
1581523;3275902;https://www.airbnb.com/rooms/1581523;Entire home/apt;Moncloa - Aravaca;110;20;2;90;100;107,826087
1586115;8449261;https://www.airbnb.com/rooms/1586115;Private room;Latina;25;28;1;3;78;25,75
1594104;3908006;https://www.airbnb.com/rooms/1594104;Entire home/apt;Villa de Vallecas;43;15;2;25;100;40,37037037
1596257;1666293;https://www.airbnb.com/rooms/1596257;Entire home/apt;Centro;65;30;2;3;92;45
1599909;7874554;https://www.airbnb.com/rooms/1599909;Entire home/apt;Salamanca;80;30;2;1;95;36,66666667
1600919;8532170;https://www.airbnb.com/rooms/1600919;Entire home/apt;Centro;135;0;6;4;88;54
1605637;2960080;https://www.airbnb.com/rooms/1605637;Entire home/apt;Centro;45;20;4;1;88;13
1607436;5790036;https://www.airbnb.com/rooms/1607436;Private room;Centro;400;0;2;3;95;240
1608296;1973600;https://www.airbnb.com/rooms/1608296;Entire home/apt;Centro;80;25;4;7;96;53,18181818
1609815;3514685;https://www.airbnb.com/rooms/1609815;Private room;Retiro;30;10;2;2;95;17,5
1610859;8578326;https://www.airbnb.com/rooms/1610859;Entire home/apt;Centro;50;25;3;3;92;29,16666667
1610861;8577935;https://www.airbnb.com/rooms/1610861;Entire home/apt;Chamberi;90;40;7;3;96;31
1617393;6271519;https://www.airbnb.com/rooms/1617393;Entire home/apt;Centro;121;75;4;90;60;116,6489362
1617709;3519148;https://www.airbnb.com/rooms/1617709;Entire home/apt;Carabanchel;60;30;3;5;96;41,25
1617848;3540591;https://www.airbnb.com/rooms/1617848;Entire home/apt;Centro;64;0;2;7;67;49,77777778
1617956;8607668;https://www.airbnb.com/rooms/1617956;Entire home/apt;Centro;90;30;3;1;95;30
1621371;2564339;https://www.airbnb.com/rooms/1621371;Entire home/apt;Centro;70;30;4;3;92;34,28571429
1622564;2564339;https://www.airbnb.com/rooms/1622564;Entire home/apt;Centro;90;40;4;3;94;44,28571429
1623202;8631882;https://www.airbnb.com/rooms/1623202;Entire home/apt;Arganzuela;100;40;6;3;94;37,77777778
1626586;8647044;https://www.airbnb.com/rooms/1626586;Entire home/apt;Centro;110;30;4;2;96;41,66666667
1628485;901218;https://www.airbnb.com/rooms/1628485;Private room;Centro;48;28;5;1;93;12,66666667
1630249;8664077;https://www.airbnb.com/rooms/1630249;Entire home/apt;Moncloa - Aravaca;80;10;2;3;96;50
1636170;8647044;https://www.airbnb.com/rooms/1636170;Entire home/apt;Centro;120;30;5;2;91;38,57142857
1638063;4424170;https://www.airbnb.com/rooms/1638063;Entire home/apt;Ciudad Lineal;45;20;3;10;94;36,15384615
1639471;901218;https://www.airbnb.com/rooms/1639471;Private room;Centro;48;28;4;1;90;15,2
1639547;8705535;https://www.airbnb.com/rooms/1639547;Entire home/apt;Centro;70;20;4;4;94;37,5
1642412;8719029;https://www.airbnb.com/rooms/1642412;Entire home/apt;Ciudad Lineal;55;0;2;4;96;36,66666667
1643673;8724268;https://www.airbnb.com/rooms/1643673;Entire home/apt;Arganzuela;80;40;3;3;97;46,66666667
1644183;1766434;https://www.airbnb.com/rooms/1644183;Private room;Chamartin;23;30;1;15;99;23,4375
1644403;3606346;https://www.airbnb.com/rooms/1644403;Entire home/apt;Centro;73;20;3;2;93;33,2
1656392;8242728;https://www.airbnb.com/rooms/1656392;Private room;Retiro;45;10;2;1;83;18,33333333
1659406;8789737;https://www.airbnb.com/rooms/1659406;Entire home/apt;Centro;90;40;2;3;96;62
1659585;8789737;https://www.airbnb.com/rooms/1659585;Entire home/apt;Centro;110;40;4;3;96;52,85714286
1662333;8807899;https://www.airbnb.com/rooms/1662333;Entire home/apt;Centro;55;20;3;2;92;26
1674734;8624564;https://www.airbnb.com/rooms/1674734;Private room;Ciudad Lineal;20;20;2;1;96;13,33333333
1678262;8879010;https://www.airbnb.com/rooms/1678262;Entire home/apt;Centro;56;40;3;3;93;34,66666667
1678293;8879142;https://www.airbnb.com/rooms/1678293;Private room;Tetuan;33;0;2;1;86;11
1680271;2864064;https://www.airbnb.com/rooms/1680271;Entire home/apt;Centro;62;30;4;1;95;18,4
1683393;8901422;https://www.airbnb.com/rooms/1683393;Entire home/apt;San Blas - Canillejas;85;30;6;1;96;16,42857143
1691073;8933508;https://www.airbnb.com/rooms/1691073;Entire home/apt;Centro;80;0;3;3;94;40
1695083;5542111;https://www.airbnb.com/rooms/1695083;Entire home/apt;Centro;67;35;4;1;86;20,4
1698916;8647044;https://www.airbnb.com/rooms/1698916;Entire home/apt;Centro;89;30;4;2;93;34,66666667
1701472;8983711;https://www.airbnb.com/rooms/1701472;Private room;Centro;70;20;2;3;99;46
1702103;8986611;https://www.airbnb.com/rooms/1702103;Entire home/apt;Centro;69;25;4;2;92;27,16666667
1704065;8996173;https://www.airbnb.com/rooms/1704065;Entire home/apt;Centro;70;0;7;2;90;15,55555556
1710251;1216993;https://www.airbnb.com/rooms/1710251;Entire home/apt;Salamanca;85;30;3;2;98;40
1710892;8705535;https://www.airbnb.com/rooms/1710892;Entire home/apt;Centro;68;0;4;4;95;34
1713499;2111994;https://www.airbnb.com/rooms/1713499;Private room;Tetuan;30;30;1;7;80;30
1716687;901218;https://www.airbnb.com/rooms/1716687;Private room;Centro;42;28;2;1;91;23,33333333
1717008;4023064;https://www.airbnb.com/rooms/1717008;Entire home/apt;Centro;72;20;2;2;95;41
1731209;4231218;https://www.airbnb.com/rooms/1731209;Entire home/apt;Centro;79;35;5;2;88;27,57142857
1737408;4424222;https://www.airbnb.com/rooms/1737408;Entire home/apt;Moratalaz;110;50;8;3;97;34,54545455
1737767;9137401;https://www.airbnb.com/rooms/1737767;Entire home/apt;Centro;85;25;2;3;98;56
1740906;9145004;https://www.airbnb.com/rooms/1740906;Entire home/apt;Centro;71;30;2;2;91;43
1742183;5537924;https://www.airbnb.com/rooms/1742183;Entire home/apt;Centro;70;20;5;3;93;28,75
1742289;9172209;https://www.airbnb.com/rooms/1742289;Entire home/apt;Centro;45;30;2;3;93;33
1750838;9210324;https://www.airbnb.com/rooms/1750838;Entire home/apt;Centro;50;35;2;3;96;37
1753979;3488397;https://www.airbnb.com/rooms/1753979;Entire home/apt;Centro;66;20;3;2;98;30,4
1755242;4975799;https://www.airbnb.com/rooms/1755242;Entire home/apt;Centro;81;15;4;2;92;29,5
1757563;3150192;https://www.airbnb.com/rooms/1757563;Entire home/apt;Carabanchel;59;20;2;2;90;34,5
1757983;9243583;https://www.airbnb.com/rooms/1757983;Entire home/apt;Arganzuela;89;84;6;5;99;48,09090909
1758536;534128;https://www.airbnb.com/rooms/1758536;Entire home/apt;Centro;185;0;6;3;90;61,66666667
1763683;4292037;https://www.airbnb.com/rooms/1763683;Entire home/apt;Centro;55;30;2;2;92;35
1765529;9277975;https://www.airbnb.com/rooms/1765529;Entire home/apt;Centro;52;20;3;15;93;44,44444444
1768203;9290112;https://www.airbnb.com/rooms/1768203;Entire home/apt;Centro;55;0;4;3;97;23,57142857
1779465;1713524;https://www.airbnb.com/rooms/1779465;Entire home/apt;Centro;120;20;2;2;100;65
1783776;5883486;https://www.airbnb.com/rooms/1783776;Entire home/apt;Centro;75;40;2;4;98;56,66666667
1785371;1470394;https://www.airbnb.com/rooms/1785371;Private room;Centro;20;100;1;60;93;21,31147541
1786233;4023064;https://www.airbnb.com/rooms/1786233;Entire home/apt;Centro;72;20;2;2;95;41
1788097;4231218;https://www.airbnb.com/rooms/1788097;Entire home/apt;Centro;82;35;6;2;91;24,875
1788102;901218;https://www.airbnb.com/rooms/1788102;Private room;Centro;42;28;4;1;93;14
1788674;1714541;https://www.airbnb.com/rooms/1788674;Entire home/apt;Ciudad Lineal;55;25;6;1;82;11,42857143
1790515;8622607;https://www.airbnb.com/rooms/1790515;Private room;Moncloa - Aravaca;25;7;1;2;93;19
1797544;596469;https://www.airbnb.com/rooms/1797544;Hotel room;Salamanca;90;100;2;5;93;78,57142857
1799278;2444553;https://www.airbnb.com/rooms/1799278;Entire home/apt;Centro;55;20;4;3;77;26,42857143
1811287;5542111;https://www.airbnb.com/rooms/1811287;Entire home/apt;Centro;120;55;8;1;84;19,44444444
1819060;9525646;https://www.airbnb.com/rooms/1819060;Entire home/apt;Arganzuela;50;25;2;2;96;31,25
1825060;9551147;https://www.airbnb.com/rooms/1825060;Entire home/apt;Centro;49;20;4;1;93;13,8
1826031;3275902;https://www.airbnb.com/rooms/1826031;Entire home/apt;Centro;85;20;2;90;96;83,36956522
1829496;9570589;https://www.airbnb.com/rooms/1829496;Entire home/apt;Salamanca;90;60;4;3;99;47,14285714
1830224;5542111;https://www.airbnb.com/rooms/1830224;Entire home/apt;Centro;135;55;9;1;82;19
1835915;9597850;https://www.airbnb.com/rooms/1835915;Entire home/apt;Centro;45;40;2;3;92;35
1845903;9643400;https://www.airbnb.com/rooms/1845903;Entire home/apt;Centro;80;0;3;5;89;50
1846137;9644407;https://www.airbnb.com/rooms/1846137;Private room;Centro;20;20;1;15;100;20
1847117;8108510;https://www.airbnb.com/rooms/1847117;Private room;Retiro;39;5;2;1;93;14,66666667
1854759;1364024;https://www.airbnb.com/rooms/1854759;Private room;Latina;31;15;1;6;98;28,71428571
1858255;9696587;https://www.airbnb.com/rooms/1858255;Hotel room;Centro;139;50;6;3;97;51,88888889
1859046;9699624;https://www.airbnb.com/rooms/1859046;Private room;Centro;35;15;2;1;95;16,66666667
1859879;9548677;https://www.airbnb.com/rooms/1859879;Entire home/apt;Centro;76;25;2;3;92;50,6
1864170;534128;https://www.airbnb.com/rooms/1864170;Entire home/apt;Centro;130;0;4;3;80;55,71428571
1865189;1172225;https://www.airbnb.com/rooms/1865189;Private room;Chamberi;100;0;2;3;96;60
1867724;534128;https://www.airbnb.com/rooms/1867724;Entire home/apt;Chamberi;185;0;6;3;40;61,66666667
1868042;534128;https://www.airbnb.com/rooms/1868042;Entire home/apt;Chamberi;194;0;8;3;100;52,90909091
1868069;534128;https://www.airbnb.com/rooms/1868069;Entire home/apt;Chamberi;194;0;8;3;90;52,90909091
1868170;9738650;https://www.airbnb.com/rooms/1868170;Entire home/apt;Centro;100;20;4;4;97;52,5
1870392;901218;https://www.airbnb.com/rooms/1870392;Private room;Centro;38;28;3;1;91;16,5
1870994;8276432;https://www.airbnb.com/rooms/1870994;Entire home/apt;Centro;58;30;3;2;93;29,2
1880524;9790541;https://www.airbnb.com/rooms/1880524;Entire home/apt;Centro;85;45;4;2;95;35,83333333
1888610;8705535;https://www.airbnb.com/rooms/1888610;Entire home/apt;Centro;55;20;4;4;94;30
1890985;5675916;https://www.airbnb.com/rooms/1890985;Private room;Arganzuela;18;10;2;1;94;9,333333333
1894143;8724478;https://www.airbnb.com/rooms/1894143;Entire home/apt;Chamberi;47;0;2;30;96;44,0625
1910871;1985408;https://www.airbnb.com/rooms/1910871;Entire home/apt;Centro;204;167;5;1;97;61,83333333
1913353;82175;https://www.airbnb.com/rooms/1913353;Entire home/apt;Centro;60;30;5;30;73;52,28571429
1917537;9940609;https://www.airbnb.com/rooms/1917537;Private room;Centro;44;0;2;2;97;22
1919606;4068912;https://www.airbnb.com/rooms/1919606;Private room;Centro;38;7;4;1;87;9
1921468;4068912;https://www.airbnb.com/rooms/1921468;Private room;Centro;42;7;4;1;90;9,8
1926546;9278712;https://www.airbnb.com/rooms/1926546;Entire home/apt;Centro;69;20;4;4;98;37
1928731;5149901;https://www.airbnb.com/rooms/1928731;Entire home/apt;Centro;66;20;2;4;96;47,33333333
1940231;9594535;https://www.airbnb.com/rooms/1940231;Private room;Retiro;40;20;3;2;96;20
1942059;1784424;https://www.airbnb.com/rooms/1942059;Entire home/apt;Centro;105;0;6;3;96;35
1947860;498646;https://www.airbnb.com/rooms/1947860;Private room;Puente de Vallecas;26;15;1;2;88;22,33333333
1956372;4068912;https://www.airbnb.com/rooms/1956372;Private room;Centro;42;7;5;1;90;8,166666667
1972094;4068912;https://www.airbnb.com/rooms/1972094;Private room;Centro;39;7;4;1;90;9,2
1973442;10189139;https://www.airbnb.com/rooms/1973442;Private room;Centro;45;0;1;6;99;38,57142857
1978094;7489861;https://www.airbnb.com/rooms/1978094;Entire home/apt;Centro;75;35;4;4;99;41,875
1980372;1732442;https://www.airbnb.com/rooms/1980372;Entire home/apt;Centro;75;60;11;2;95;16,15384615
1980833;9250119;https://www.airbnb.com/rooms/1980833;Entire home/apt;Centro;85;45;3;2;92;43
1981286;10215430;https://www.airbnb.com/rooms/1981286;Entire home/apt;Centro;40;5;2;1;88;15
1990801;4190343;https://www.airbnb.com/rooms/1990801;Entire home/apt;Centro;110;38;6;2;94;32,25
1994074;5542111;https://www.airbnb.com/rooms/1994074;Entire home/apt;Centro;76;40;6;1;84;16,57142857
1996086;4618994;https://www.airbnb.com/rooms/1996086;Entire home/apt;Centro;49;20;2;2;92;29,5
2001012;353738;https://www.airbnb.com/rooms/2001012;Entire home/apt;Centro;63;50;2;28;80;60,46666667
2024446;10402340;https://www.airbnb.com/rooms/2024446;Entire home/apt;Centro;75;50;4;1;100;25
2024643;2444553;https://www.airbnb.com/rooms/2024643;Entire home/apt;Centro;85;0;4;3;82;36,42857143
2052361;10516522;https://www.airbnb.com/rooms/2052361;Entire home/apt;Centro;75;15;3;3;100;40
2052383;6979632;https://www.airbnb.com/rooms/2052383;Entire home/apt;Ciudad Lineal;80;15;4;7;80;52,27272727
2054398;2750053;https://www.airbnb.com/rooms/2054398;Entire home/apt;Tetuan;68;30;3;6;97;48,66666667
2059873;10544543;https://www.airbnb.com/rooms/2059873;Entire home/apt;Chamberi;65;45;2;5;98;52,85714286
2061480;10550853;https://www.airbnb.com/rooms/2061480;Entire home/apt;Centro;59;35;4;3;94;30,28571429
2062465;762655;https://www.airbnb.com/rooms/2062465;Entire home/apt;Centro;75;45;2;12;91;67,5
2065647;3048290;https://www.airbnb.com/rooms/2065647;Entire home/apt;Centro;85;15;4;3;80;38,57142857
2070887;8447678;https://www.airbnb.com/rooms/2070887;Entire home/apt;Centro;90;45;4;2;96;37,5
2081097;6072314;https://www.airbnb.com/rooms/2081097;Private room;Centro;50;10;6;2;82;13,75
2085786;10651006;https://www.airbnb.com/rooms/2085786;Entire home/apt;Centro;68;39;4;3;80;34,71428571
2086594;4839888;https://www.airbnb.com/rooms/2086594;Entire home/apt;Retiro;481;60;8;2;90;102,2
2087574;10654623;https://www.airbnb.com/rooms/2087574;Private room;Centro;35;0;2;5;95;25
2091802;4582755;https://www.airbnb.com/rooms/2091802;Private room;Centro;34;20;2;2;95;22
2093073;6564220;https://www.airbnb.com/rooms/2093073;Entire home/apt;Centro;65;20;2;3;87;43
2093147;4083688;https://www.airbnb.com/rooms/2093147;Private room;Centro;59;20;4;3;91;28,14285714
2095069;4083688;https://www.airbnb.com/rooms/2095069;Entire home/apt;Centro;59;18;4;2;89;22,66666667
2095159;4083688;https://www.airbnb.com/rooms/2095159;Entire home/apt;Centro;55;20;3;3;89;30,83333333
2096590;3048290;https://www.airbnb.com/rooms/2096590;Entire home/apt;Centro;95;15;8;3;87;27,27272727
2099212;10651006;https://www.airbnb.com/rooms/2099212;Entire home/apt;Centro;59;35;2;2;79;38,25
2099260;10651006;https://www.airbnb.com/rooms/2099260;Entire home/apt;Centro;55;35;2;2;80;36,25
2099314;10651006;https://www.airbnb.com/rooms/2099314;Entire home/apt;Centro;99;75;10;2;86;22,75
2100370;3048290;https://www.airbnb.com/rooms/2100370;Entire home/apt;Centro;95;15;7;2;87;22,77777778
2113275;7649063;https://www.airbnb.com/rooms/2113275;Entire home/apt;Centro;57;19;2;2;89;33,25
2114493;2425848;https://www.airbnb.com/rooms/2114493;Entire home/apt;Centro;199;70;6;2;96;58,5
2116360;1091014;https://www.airbnb.com/rooms/2116360;Entire home/apt;Centro;375;85;6;2;92;104,375
2117068;353738;https://www.airbnb.com/rooms/2117068;Entire home/apt;Chamberi;61;60;2;28;68;58,93333333
2117115;927713;https://www.airbnb.com/rooms/2117115;Entire home/apt;Centro;65;45;4;1;96;22
2129154;4023064;https://www.airbnb.com/rooms/2129154;Entire home/apt;Centro;61;20;2;2;94;35,5
2129245;10863262;https://www.airbnb.com/rooms/2129245;Private room;Carabanchel;23;30;1;5;99;24,16666667
2134070;8879142;https://www.airbnb.com/rooms/2134070;Private room;Tetuan;33;0;2;1;83;11
2136159;5542111;https://www.airbnb.com/rooms/2136159;Entire home/apt;Centro;73;40;5;1;83;18,83333333
2136172;2541550;https://www.airbnb.com/rooms/2136172;Entire home/apt;Centro;125;46;9;1;80;17,1
2139191;10916450;https://www.airbnb.com/rooms/2139191;Entire home/apt;Centro;90;40;6;1;83;18,57142857
2143824;10940437;https://www.airbnb.com/rooms/2143824;Shared room;Centro;20;0;10;1;92;1,818181818
2143867;10942518;https://www.airbnb.com/rooms/2143867;Private room;Usera;28;15;2;2;87;17,75
2143961;10940437;https://www.airbnb.com/rooms/2143961;Shared room;Centro;22;0;6;1;91;3,142857143
2144000;10940437;https://www.airbnb.com/rooms/2144000;Shared room;Centro;22;0;8;1;93;2,444444444
2144017;10940437;https://www.airbnb.com/rooms/2144017;Shared room;Centro;21;0;8;1;94;2,333333333
2144404;10942518;https://www.airbnb.com/rooms/2144404;Private room;Usera;28;15;3;2;88;14,2
2150416;10974652;https://www.airbnb.com/rooms/2150416;Entire home/apt;Centro;200;30;5;2;95;61,42857143
2157675;4599639;https://www.airbnb.com/rooms/2157675;Entire home/apt;Retiro;110;70;6;2;89;36,25
2162534;2184051;https://www.airbnb.com/rooms/2162534;Entire home/apt;Centro;50;20;2;1;95;23,33333333
2179527;11116174;https://www.airbnb.com/rooms/2179527;Entire home/apt;Centro;60;35;4;2;90;25,83333333
2181669;427419;https://www.airbnb.com/rooms/2181669;Entire home/apt;Tetuan;65;30;3;3;91;37,5
2186049;11146984;https://www.airbnb.com/rooms/2186049;Entire home/apt;Hortaleza;100;30;5;6;96;57,27272727
2188662;2662680;https://www.airbnb.com/rooms/2188662;Hotel room;Centro;135;58;4;4;99;74,75
2192321;11179787;https://www.airbnb.com/rooms/2192321;Entire home/apt;Carabanchel;31;15;6;12;95;21,5
2207960;11262545;https://www.airbnb.com/rooms/2207960;Private room;Arganzuela;45;5;1;1;92;25
2222916;11342272;https://www.airbnb.com/rooms/2222916;Private room;Centro;30;0;2;1;94;10
2234504;11407661;https://www.airbnb.com/rooms/2234504;Entire home/apt;Centro;49;18;2;6;92;39
2235176;1425071;https://www.airbnb.com/rooms/2235176;Entire home/apt;Moncloa - Aravaca;80;30;3;3;94;45
2247751;11479457;https://www.airbnb.com/rooms/2247751;Entire home/apt;Centro;120;45;4;4;99;65,625
2254525;11385250;https://www.airbnb.com/rooms/2254525;Private room;Centro;35;25;2;1;97;20
2259724;5002446;https://www.airbnb.com/rooms/2259724;Entire home/apt;Centro;79;29;2;1;90;36
2259804;7739367;https://www.airbnb.com/rooms/2259804;Entire home/apt;Centro;65;30;4;2;91;26,66666667
2265000;7033920;https://www.airbnb.com/rooms/2265000;Entire home/apt;Chamartin;95;50;4;4;97;53,75
2269946;2541550;https://www.airbnb.com/rooms/2269946;Entire home/apt;Centro;67;35;4;1;87;20,4
2281129;11650026;https://www.airbnb.com/rooms/2281129;Entire home/apt;Centro;70;40;4;3;92;35,71428571
2289744;5500409;https://www.airbnb.com/rooms/2289744;Entire home/apt;Centro;65;30;2;1;96;31,66666667
2299045;1843216;https://www.airbnb.com/rooms/2299045;Entire home/apt;Centro;69;30;3;4;94;43,71428571
2302853;762655;https://www.airbnb.com/rooms/2302853;Entire home/apt;Centro;75;45;2;12;96;67,5
2310368;8584829;https://www.airbnb.com/rooms/2310368;Entire home/apt;Chamartin;75;40;2;2;96;47,5
2313370;3447304;https://www.airbnb.com/rooms/2313370;Private room;Centro;40;0;2;2;92;20
2319136;8515277;https://www.airbnb.com/rooms/2319136;Entire home/apt;Retiro;137;30;6;2;95;38
2325516;10037966;https://www.airbnb.com/rooms/2325516;Entire home/apt;Arganzuela;58;10;3;3;92;30,66666667
2325805;4615520;https://www.airbnb.com/rooms/2325805;Entire home/apt;Centro;78;25;2;3;94;51,8
2328281;2561320;https://www.airbnb.com/rooms/2328281;Entire home/apt;Centro;140;50;6;2;97;41,25
2335410;7331716;https://www.airbnb.com/rooms/2335410;Entire home/apt;Centro;60;0;3;2;96;24
2342966;11964814;https://www.airbnb.com/rooms/2342966;Private room;Ciudad Lineal;29;0;1;2;91;19,33333333
2346257;2933277;https://www.airbnb.com/rooms/2346257;Entire home/apt;Centro;82;29;3;2;95;38,6
2355344;12027564;https://www.airbnb.com/rooms/2355344;Entire home/apt;Centro;70;20;2;1;96;30
2355580;12028707;https://www.airbnb.com/rooms/2355580;Entire home/apt;Centro;120;50;5;14;93;91,05263158
2355635;12028707;https://www.airbnb.com/rooms/2355635;Entire home/apt;Centro;120;60;6;14;89;87
2355655;12028707;https://www.airbnb.com/rooms/2355655;Entire home/apt;Centro;300;100;10;4;91;92,85714286
2362731;2536524;https://www.airbnb.com/rooms/2362731;Private room;San Blas - Canillejas;25;10;2;28;93;23,66666667
2364463;12077356;https://www.airbnb.com/rooms/2364463;Entire home/apt;Centro;50;20;4;2;94;20
2369290;12105600;https://www.airbnb.com/rooms/2369290;Entire home/apt;Centro;55;41;5;2;89;21,57142857
2375490;757672;https://www.airbnb.com/rooms/2375490;Entire home/apt;Centro;120;40;4;3;97;57,14285714
2380554;4967875;https://www.airbnb.com/rooms/2380554;Entire home/apt;Retiro;94;35;4;2;82;37,16666667
2387880;12183135;https://www.airbnb.com/rooms/2387880;Entire home/apt;Centro;100;25;6;3;97;36,11111111
2393322;5031865;https://www.airbnb.com/rooms/2393322;Entire home/apt;Latina;70;40;5;2;91;25,71428571
2397912;12252321;https://www.airbnb.com/rooms/2397912;Private room;Moncloa - Aravaca;27;5;1;3;98;21,5
2416770;4190343;https://www.airbnb.com/rooms/2416770;Entire home/apt;Centro;75;33;6;2;94;22,875
2417867;8705535;https://www.airbnb.com/rooms/2417867;Entire home/apt;Centro;62;0;4;4;97;31
2441722;12481365;https://www.airbnb.com/rooms/2441722;Entire home/apt;Centro;85;35;6;2;95;25,625
2451913;378073;https://www.airbnb.com/rooms/2451913;Entire home/apt;Centro;85;30;6;3;80;31,66666667
2452815;4975799;https://www.airbnb.com/rooms/2452815;Entire home/apt;Centro;85;15;4;2;95;30,83333333
2471370;5542111;https://www.airbnb.com/rooms/2471370;Entire home/apt;Centro;65;35;4;1;85;20
2472459;12641432;https://www.airbnb.com/rooms/2472459;Entire home/apt;Centro;75;30;4;1;92;21
2482267;12698367;https://www.airbnb.com/rooms/2482267;Entire home/apt;Moncloa - Aravaca;78;25;3;1;96;25,75
2488934;11824804;https://www.airbnb.com/rooms/2488934;Entire home/apt;Centro;85;35;4;3;98;41,42857143
2493084;5514970;https://www.airbnb.com/rooms/2493084;Entire home/apt;Chamartin;175;150;5;1;100;54,16666667
2503991;12791313;https://www.airbnb.com/rooms/2503991;Entire home/apt;Centro;100;40;4;2;88;40
2520679;12904592;https://www.airbnb.com/rooms/2520679;Entire home/apt;Salamanca;90;35;3;4;91;56,42857143
2527911;1890653;https://www.airbnb.com/rooms/2527911;Entire home/apt;Centro;58;0;2;2;93;29
2551440;605612;https://www.airbnb.com/rooms/2551440;Private room;Centro;34;12;1;1;93;23
2558321;13097473;https://www.airbnb.com/rooms/2558321;Entire home/apt;Centro;49;20;3;2;86;23,6
2572249;4677030;https://www.airbnb.com/rooms/2572249;Entire home/apt;Moncloa - Aravaca;90;60;4;30;92;81,17647059
2587493;4008643;https://www.airbnb.com/rooms/2587493;Entire home/apt;Chamartin;125;55;7;2;94;33,88888889
2587755;13250761;https://www.airbnb.com/rooms/2587755;Private room;Chamberi;200;0;3;1;96;50
2588548;13253937;https://www.airbnb.com/rooms/2588548;Entire home/apt;Retiro;100;40;6;2;87;30
2606926;845407;https://www.airbnb.com/rooms/2606926;Entire home/apt;Centro;110;30;2;5;98;82,85714286
2622839;9757922;https://www.airbnb.com/rooms/2622839;Entire home/apt;Centro;80;60;4;1;96;28
2624314;13440901;https://www.airbnb.com/rooms/2624314;Entire home/apt;Centro;100;0;2;3;99;60
2630673;13474925;https://www.airbnb.com/rooms/2630673;Entire home/apt;Centro;50;20;3;5;97;33,75
2630840;2864064;https://www.airbnb.com/rooms/2630840;Entire home/apt;Centro;61;30;4;1;94;18,2
2635535;13492658;https://www.airbnb.com/rooms/2635535;Private room;Centro;24;7;2;3;92;15,8
2638909;13513088;https://www.airbnb.com/rooms/2638909;Entire home/apt;Centro;80;20;5;30;89;69,14285714
2641385;13523635;https://www.airbnb.com/rooms/2641385;Private room;Tetuan;100;0;2;1;95;33,33333333
2644193;13537715;https://www.airbnb.com/rooms/2644193;Entire home/apt;Latina;70;27;4;2;80;27,83333333
2650925;13569734;https://www.airbnb.com/rooms/2650925;Entire home/apt;Centro;109;25;3;2;97;48,6
2652829;13569734;https://www.airbnb.com/rooms/2652829;Entire home/apt;Centro;109;25;2;2;97;60,75
2654613;13590063;https://www.airbnb.com/rooms/2654613;Entire home/apt;Centro;30;15;2;2;88;18,75
2658864;4294898;https://www.airbnb.com/rooms/2658864;Entire home/apt;Centro;46;20;2;1;80;22
2673231;13686767;https://www.airbnb.com/rooms/2673231;Entire home/apt;Chamberi;60;20;4;1;60;16
2676912;3447304;https://www.airbnb.com/rooms/2676912;Private room;Centro;40;0;2;2;92;20
2682364;13732037;https://www.airbnb.com/rooms/2682364;Entire home/apt;Centro;75;20;4;2;88;28,33333333
2684726;13742566;https://www.airbnb.com/rooms/2684726;Entire home/apt;Centro;60;25;4;2;94;24,16666667
2684767;13742566;https://www.airbnb.com/rooms/2684767;Entire home/apt;Centro;67;30;3;2;94;32,8
2686592;13751801;https://www.airbnb.com/rooms/2686592;Private room;Centro;21;10;1;20;83;20,47619048
2701211;1650712;https://www.airbnb.com/rooms/2701211;Entire home/apt;Salamanca;165;70;4;3;84;80,71428571
2704499;13841663;https://www.airbnb.com/rooms/2704499;Entire home/apt;Centro;85;20;3;2;100;38
2706194;1843216;https://www.airbnb.com/rooms/2706194;Entire home/apt;Centro;69;30;4;4;94;38,25
2707743;5542111;https://www.airbnb.com/rooms/2707743;Entire home/apt;Centro;67;39;5;1;86;17,66666667
