Comunidad autonoma;Grupo;Anyo;Mes;IPC
Comunitat Valenciana;Sanidad;2020;Enero;102,54
Catalunya;Restaurantes y hoteles;2020;Enero;105,83
Catalunya;Ensenyanza;2020;Enero;103,62
Catalunya;Ocio y cultura;2020;Enero;99,66
Catalunya;Comunicaciones;2020;Enero;103,63
Catalunya;Transporte;2020;Enero;110,78
Catalunya;Sanidad;2020;Enero;102,83
Catalunya;Muebles, articulos del hogar y articulos para el mantenimiento corriente del hogar;2020;Enero;101,87
Catalunya;Vivienda, agua, electricidad, gas y otros combustibles;2020;Enero;103,67
Catalunya;Vestido y calzado;2020;Enero;95,82
Catalunya;Bebidas alcoholicas y tabaco;2020;Enero;104,61
Catalunya;Alimentos y bebidas no alcoholicas;2020;Enero;106,74
Castilla - La Mancha;Otros bienes y servicios ;2020;Enero;103,63
Castilla - La Mancha;Restaurantes y hoteles;2020;Enero;105,64
Castilla - La Mancha;Ensenyanza;2020;Enero;103,95
Castilla - La Mancha;Ocio y cultura;2020;Enero;97,92
Castilla - La Mancha;Comunicaciones;2020;Enero;104,72
Castilla - La Mancha;Transporte;2020;Enero;110,28
Castilla - La Mancha;Sanidad;2020;Enero;101,58
Castilla - La Mancha;Muebles, articulos del hogar y articulos para el mantenimiento corriente del hogar;2020;Enero;99,48
Catalunya;Otros bienes y servicios ;2020;Enero;105,44
Comunitat Valenciana;Alimentos y bebidas no alcoholicas;2020;Enero;105,01
Comunitat Valenciana;Bebidas alcoholicas y tabaco;2020;Enero;103,69
Comunitat Valenciana;Vestido y calzado;2020;Enero;94,96
Extremadura;Otros bienes y servicios ;2020;Enero;103,21
Extremadura;Restaurantes y hoteles;2020;Enero;105,64
Extremadura;Ensenyanza;2020;Enero;105,05
Extremadura;Ocio y cultura;2020;Enero;98,87
Extremadura;Comunicaciones;2020;Enero;103,26
Extremadura;Transporte;2020;Enero;110,65
Extremadura;Sanidad;2020;Enero;100,75
Extremadura;Muebles, articulos del hogar y articulos para el mantenimiento corriente del hogar;2020;Enero;99,51
Extremadura;Vivienda, agua, electricidad, gas y otros combustibles;2020;Enero;102,58
Castilla - La Mancha;Vivienda, agua, electricidad, gas y otros combustibles;2020;Enero;106,02
Extremadura;Vestido y calzado;2020;Enero;93,34
Extremadura;Alimentos y bebidas no alcoholicas;2020;Enero;104,16
Comunitat Valenciana;Otros bienes y servicios ;2020;Enero;103,51
Comunitat Valenciana;Restaurantes y hoteles;2020;Enero;106,11
Comunitat Valenciana;Ensenyanza;2020;Enero;102,44
Comunitat Valenciana;Ocio y cultura;2020;Enero;99,96
Comunitat Valenciana;Comunicaciones;2020;Enero;102,75
Comunitat Valenciana;Transporte;2020;Enero;109,93
Comunitat Valenciana;Muebles, articulos del hogar y articulos para el mantenimiento corriente del hogar;2020;Enero;99,83
Comunitat Valenciana;Vivienda, agua, electricidad, gas y otros combustibles;2020;Enero;102,80
Extremadura;Bebidas alcoholicas y tabaco;2020;Enero;103,97
Castilla - La Mancha;Vestido y calzado;2020;Enero;94,87
Castilla - La Mancha;Bebidas alcoholicas y tabaco;2020;Enero;104,28
Castilla - La Mancha;Alimentos y bebidas no alcoholicas;2020;Enero;105,94
Canarias;Otros bienes y servicios ;2020;Enero;102,67
Canarias;Restaurantes y hoteles;2020;Enero;106,76
Canarias;Ensenyanza;2020;Enero;101,02
Canarias;Ocio y cultura;2020;Enero;97,89
Canarias;Comunicaciones;2020;Enero;103,90
Canarias;Transporte;2020;Enero;109,81
Canarias;Sanidad;2020;Enero;100,29
Canarias;Muebles, articulos del hogar y articulos para el mantenimiento corriente del hogar;2020;Enero;97,91
Canarias;Vivienda, agua, electricidad, gas y otros combustibles;2020;Enero;102,67
Cantabria;Alimentos y bebidas no alcoholicas;2020;Enero;104,22
Canarias;Vestido y calzado;2020;Enero;93,23
Canarias;Alimentos y bebidas no alcoholicas;2020;Enero;105,39
Illes Balears;Otros bienes y servicios ;2020;Enero;104,53
Illes Balears;Restaurantes y hoteles;2020;Enero;106,64
Illes Balears;Ensenyanza;2020;Enero;105,12
Illes Balears;Ocio y cultura;2020;Enero;99,44
Illes Balears;Comunicaciones;2020;Enero;105,01
Illes Balears;Transporte;2020;Enero;107,38
Illes Balears;Sanidad;2020;Enero;100,26
Illes Balears;Muebles, articulos del hogar y articulos para el mantenimiento corriente del hogar;2020;Enero;100,21
Canarias;Bebidas alcoholicas y tabaco;2020;Enero;116,19
Galicia;Alimentos y bebidas no alcoholicas;2020;Enero;104,83
Cantabria;Bebidas alcoholicas y tabaco;2020;Enero;103,74
Cantabria;Vivienda, agua, electricidad, gas y otros combustibles;2020;Enero;102,96
Castilla y Leon;Otros bienes y servicios ;2020;Enero;103,18
Castilla y Leon;Restaurantes y hoteles;2020;Enero;105,26
Castilla y Leon;Ensenyanza;2020;Enero;100,41
Castilla y Leon;Ocio y cultura;2020;Enero;99,29
Castilla y Leon;Comunicaciones;2020;Enero;104,04
Castilla y Leon;Transporte;2020;Enero;112,25
Castilla y Leon;Sanidad;2020;Enero;102,04
Castilla y Leon;Muebles, articulos del hogar y articulos para el mantenimiento corriente del hogar;2020;Enero;100,56
Castilla y Leon;Vivienda, agua, electricidad, gas y otros combustibles;2020;Enero;105,12
Cantabria;Vestido y calzado;2020;Enero;97,94
Castilla y Leon;Vestido y calzado;2020;Enero;95,11
Castilla y Leon;Alimentos y bebidas no alcoholicas;2020;Enero;105,52
Cantabria;Otros bienes y servicios ;2020;Enero;102,46
Cantabria;Restaurantes y hoteles;2020;Enero;106,10
Cantabria;Ensenyanza;2020;Enero;102,46
Cantabria;Ocio y cultura;2020;Enero;96,85
Cantabria;Comunicaciones;2020;Enero;105,41
Cantabria;Transporte;2020;Enero;113,44
Cantabria;Sanidad;2020;Enero;103,65
Cantabria;Muebles, articulos del hogar y articulos para el mantenimiento corriente del hogar;2020;Enero;99,15
Castilla y Leon;Bebidas alcoholicas y tabaco;2020;Enero;103,84
Illes Balears;Vivienda, agua, electricidad, gas y otros combustibles;2020;Enero;104,77
Galicia;Bebidas alcoholicas y tabaco;2020;Enero;104,28
Galicia;Vivienda, agua, electricidad, gas y otros combustibles;2020;Enero;104,88
La Rioja;Restaurantes y hoteles;2020;Enero;104,04
La Rioja;Ensenyanza;2020;Enero;104,79
La Rioja;Ocio y cultura;2020;Enero;98,60
La Rioja;Comunicaciones;2020;Enero;103,61
La Rioja;Transporte;2020;Enero;111,53
La Rioja;Sanidad;2020;Enero;101,61
La Rioja;Muebles, articulos del hogar y articulos para el mantenimiento corriente del hogar;2020;Enero;102,50
La Rioja;Vivienda, agua, electricidad, gas y otros combustibles;2020;Enero;103,79
La Rioja;Vestido y calzado;2020;Enero;92,34
La Rioja;Bebidas alcoholicas y tabaco;2020;Enero;103,72
La Rioja;Alimentos y bebidas no alcoholicas;2020;Enero;105,95
Pais Vasco;Otros bienes y servicios ;2020;Enero;103,75
Pais Vasco;Restaurantes y hoteles;2020;Enero;104,87
Pais Vasco;Ensenyanza;2020;Enero;104,59
Pais Vasco;Ocio y cultura;2020;Enero;99,92
Pais Vasco;Comunicaciones;2020;Enero;104,26
Pais Vasco;Transporte;2020;Enero;111,78
Pais Vasco;Sanidad;2020;Enero;102,10
Pais Vasco;Muebles, articulos del hogar y articulos para el mantenimiento corriente del hogar;2020;Enero;101,22
La Rioja;Otros bienes y servicios ;2020;Enero;102,28
Ceuta;Alimentos y bebidas no alcoholicas;2020;Enero;102,80
Ceuta;Bebidas alcoholicas y tabaco;2020;Enero;104,37
Ceuta;Vestido y calzado;2020;Enero;90,71
Melilla;Restaurantes y hoteles;2020;Enero;104,69
Melilla;Ensenyanza;2020;Enero;101,91
Melilla;Ocio y cultura;2020;Enero;97,70
Melilla;Comunicaciones;2020;Enero;103,39
Melilla;Transporte;2020;Enero;103,78
Melilla;Sanidad;2020;Enero;102,45
Melilla;Muebles, articulos del hogar y articulos para el mantenimiento corriente del hogar;2020;Enero;101,48
Melilla;Vivienda, agua, electricidad, gas y otros combustibles;2020;Enero;105,00
Melilla;Vestido y calzado;2020;Enero;92,54
Pais Vasco;Vivienda, agua, electricidad, gas y otros combustibles;2020;Enero;103,98
Melilla;Bebidas alcoholicas y tabaco;2020;Enero;103,70
Ceuta;Otros bienes y servicios ;2020;Enero;101,07
Ceuta;Restaurantes y hoteles;2020;Enero;101,93
Ceuta;Ensenyanza;2020;Enero;104,71
Ceuta;Ocio y cultura;2020;Enero;97,86
Ceuta;Comunicaciones;2020;Enero;107,10
Ceuta;Transporte;2020;Enero;107,81
Ceuta;Sanidad;2020;Enero;101,39
Ceuta;Muebles, articulos del hogar y articulos para el mantenimiento corriente del hogar;2020;Enero;96,40
Ceuta;Vivienda, agua, electricidad, gas y otros combustibles;2020;Enero;103,11
Melilla;Alimentos y bebidas no alcoholicas;2020;Enero;102,20
Pais Vasco;Vestido y calzado;2020;Enero;94,35
Pais Vasco;Bebidas alcoholicas y tabaco;2020;Enero;104,40
Pais Vasco;Alimentos y bebidas no alcoholicas;2020;Enero;105,64
Comunidad de Madrid;Otros bienes y servicios ;2020;Enero;105,16
Comunidad de Madrid;Restaurantes y hoteles;2020;Enero;105,53
Comunidad de Madrid;Ensenyanza;2020;Enero;102,73
Comunidad de Madrid;Ocio y cultura;2020;Enero;99,37
Comunidad de Madrid;Comunicaciones;2020;Enero;104,90
Comunidad de Madrid;Transporte;2020;Enero;110,54
Comunidad de Madrid;Sanidad;2020;Enero;101,53
Comunidad de Madrid;Muebles, articulos del hogar y articulos para el mantenimiento corriente del hogar;2020;Enero;100,45
Comunidad de Madrid;Vivienda, agua, electricidad, gas y otros combustibles;2020;Enero;104,15
Region de Murcia;Alimentos y bebidas no alcoholicas;2020;Enero;104,88
Comunidad de Madrid;Vestido y calzado;2020;Enero;95,82
Comunidad de Madrid;Alimentos y bebidas no alcoholicas;2020;Enero;104,94
Galicia;Otros bienes y servicios ;2020;Enero;102,88
Galicia;Restaurantes y hoteles;2020;Enero;107,31
Galicia;Ensenyanza;2020;Enero;105,37
Galicia;Ocio y cultura;2020;Enero;98,13
Galicia;Comunicaciones;2020;Enero;103,85
Galicia;Transporte;2020;Enero;109,44
Galicia;Sanidad;2020;Enero;103,67
Galicia;Muebles, articulos del hogar y articulos para el mantenimiento corriente del hogar;2020;Enero;100,62
Comunidad de Madrid;Bebidas alcoholicas y tabaco;2020;Enero;104,37
Galicia;Vestido y calzado;2020;Enero;95,11
Region de Murcia;Bebidas alcoholicas y tabaco;2020;Enero;104,35
Region de Murcia;Vivienda, agua, electricidad, gas y otros combustibles;2020;Enero;101,58
Comunidad Foral de Navarra;Otros bienes y servicios ;2020;Enero;103,32
Comunidad Foral de Navarra;Restaurantes y hoteles;2020;Enero;105,66
Comunidad Foral de Navarra;Ensenyanza;2020;Enero;102,66
Comunidad Foral de Navarra;Ocio y cultura;2020;Enero;98,83
Comunidad Foral de Navarra;Comunicaciones;2020;Enero;102,54
Comunidad Foral de Navarra;Transporte;2020;Enero;110,81
Comunidad Foral de Navarra;Sanidad;2020;Enero;104,09
Comunidad Foral de Navarra;Muebles, articulos del hogar y articulos para el mantenimiento corriente del hogar;2020;Enero;99,94
Comunidad Foral de Navarra;Vivienda, agua, electricidad, gas y otros combustibles;2020;Enero;105,64
Region de Murcia;Vestido y calzado;2020;Enero;93,82
Comunidad Foral de Navarra;Vestido y calzado;2020;Enero;94,92
Comunidad Foral de Navarra;Alimentos y bebidas no alcoholicas;2020;Enero;105,21
Region de Murcia;Otros bienes y servicios ;2020;Enero;102,75
Region de Murcia;Restaurantes y hoteles;2020;Enero;105,15
Region de Murcia;Ensenyanza;2020;Enero;105,16
Region de Murcia;Ocio y cultura;2020;Enero;97,64
Region de Murcia;Comunicaciones;2020;Enero;103,73
Region de Murcia;Transporte;2020;Enero;109,34
Region de Murcia;Sanidad;2020;Enero;101,51
Region de Murcia;Muebles, articulos del hogar y articulos para el mantenimiento corriente del hogar;2020;Enero;98,70
Comunidad Foral de Navarra;Bebidas alcoholicas y tabaco;2020;Enero;104,04
Illes Balears;Vestido y calzado;2020;Enero;96,34
Melilla;Otros bienes y servicios ;2020;Enero;100,59
Aragon;Vivienda, agua, electricidad, gas y otros combustibles;2020;Enero;104,71
Aragon;Comunicaciones;2020;Enero;104,17
Andalucia;Ensenyanza;2020;Enero;104,84
Principado de Asturias;Comunicaciones;2020;Enero;103,35
Andalucia;Transporte;2020;Enero;109,68
Illes Balears;Bebidas alcoholicas y tabaco;2020;Enero;102,90
Principado de Asturias;Ocio y cultura;2020;Enero;97,81
Aragon;Otros bienes y servicios ;2020;Enero;103,58
Aragon;Transporte;2020;Enero;110,18
Principado de Asturias;Ensenyanza;2020;Enero;99,59
Andalucia;Ocio y cultura;2020;Enero;98,59
Andalucia;Muebles, articulos del hogar y articulos para el mantenimiento corriente del hogar;2020;Enero;99,06
Aragon;Sanidad;2020;Enero;101,89
Andalucia;Alimentos y bebidas no alcoholicas;2020;Enero;105,06
Principado de Asturias;Restaurantes y hoteles;2020;Enero;104,98
Aragon;Vestido y calzado;2020;Enero;94,64
Principado de Asturias;Otros bienes y servicios ;2020;Enero;105,40
Andalucia;Bebidas alcoholicas y tabaco;2020;Enero;103,44
Aragon;Ocio y cultura;2020;Enero;98,21
Aragon;Alimentos y bebidas no alcoholicas;2020;Enero;104,44
Principado de Asturias;Alimentos y bebidas no alcoholicas;2020;Enero;104,42
Aragon;Restaurantes y hoteles;2020;Enero;107,34
Principado de Asturias;Bebidas alcoholicas y tabaco;2020;Enero;103,61
Andalucia;Otros bienes y servicios ;2020;Enero;103,15
Andalucia;Vestido y calzado;2020;Enero;93,68
Principado de Asturias;Sanidad;2020;Enero;100,19
Principado de Asturias;Vestido y calzado;2020;Enero;93,69
Aragon;Ensenyanza;2020;Enero;103,87
Principado de Asturias;Vivienda, agua, electricidad, gas y otros combustibles;2020;Enero;104,19
Andalucia;Sanidad;2020;Enero;101,81
Principado de Asturias;Muebles, articulos del hogar y articulos para el mantenimiento corriente del hogar;2020;Enero;99,58
Andalucia;Restaurantes y hoteles;2020;Enero;105,32
Aragon;Bebidas alcoholicas y tabaco;2020;Enero;103,57
Andalucia;Vivienda, agua, electricidad, gas y otros combustibles;2020;Enero;103,15
Aragon;Muebles, articulos del hogar y articulos para el mantenimiento corriente del hogar;2020;Enero;98,36
Principado de Asturias;Transporte;2020;Enero;109,42
Andalucia;Comunicaciones;2020;Enero;104,08
Illes Balears;Alimentos y bebidas no alcoholicas;2020;Enero;104,57
Catalunya;Otros bienes y servicios ;2020;Febrero;105,96
Comunidad Foral de Navarra;Ocio y cultura;2020;Febrero;100,10
Melilla;Vestido y calzado;2020;Febrero;90,86
La Rioja;Muebles, articulos del hogar y articulos para el mantenimiento corriente del hogar;2020;Febrero;102,20
Comunidad de Madrid;Alimentos y bebidas no alcoholicas;2020;Febrero;104,72
Castilla y Leon;Muebles, articulos del hogar y articulos para el mantenimiento corriente del hogar;2020;Febrero;100,97
Ceuta;Vestido y calzado;2020;Febrero;89,77
Principado de Asturias;Bebidas alcoholicas y tabaco;2020;Febrero;104,71
Andalucia;Transporte;2020;Febrero;109,02
Extremadura;Sanidad;2020;Febrero;100,79
Castilla y Leon;Sanidad;2020;Febrero;102,09
Comunidad de Madrid;Vestido y calzado;2020;Febrero;95,15
Catalunya;Vestido y calzado;2020;Febrero;93,71
Comunidad Foral de Navarra;Comunicaciones;2020;Febrero;102,47
Castilla y Leon;Transporte;2020;Febrero;111,24
Principado de Asturias;Sanidad;2020;Febrero;100,63
Aragon;Ocio y cultura;2020;Febrero;98,77
Extremadura;Muebles, articulos del hogar y articulos para el mantenimiento corriente del hogar;2020;Febrero;99,67
Castilla y Leon;Comunicaciones;2020;Febrero;104,03
Comunitat Valenciana;Sanidad;2020;Febrero;102,58
Melilla;Bebidas alcoholicas y tabaco;2020;Febrero;103,74
Andalucia;Restaurantes y hoteles;2020;Febrero;106,25
Pais Vasco;Ensenyanza;2020;Febrero;104,60
Castilla y Leon;Ocio y cultura;2020;Febrero;99,69
Comunidad Foral de Navarra;Transporte;2020;Febrero;109,88
Region de Murcia;Bebidas alcoholicas y tabaco;2020;Febrero;104,82
Extremadura;Vivienda, agua, electricidad, gas y otros combustibles;2020;Febrero;101,24
Castilla y Leon;Vivienda, agua, electricidad, gas y otros combustibles;2020;Febrero;103,33
Ceuta;Sanidad;2020;Febrero;101,39
Cantabria;Ensenyanza;2020;Febrero;102,47
Comunidad Foral de Navarra;Bebidas alcoholicas y tabaco;2020;Febrero;104,05
Comunidad Foral de Navarra;Restaurantes y hoteles;2020;Febrero;106,45
Ceuta;Bebidas alcoholicas y tabaco;2020;Febrero;104,48
Aragon;Comunicaciones;2020;Febrero;104,16
Cantabria;Restaurantes y hoteles;2020;Febrero;106,25
Extremadura;Ensenyanza;2020;Febrero;105,05
Andalucia;Bebidas alcoholicas y tabaco;2020;Febrero;103,64
Andalucia;Vivienda, agua, electricidad, gas y otros combustibles;2020;Febrero;101,96
Catalunya;Muebles, articulos del hogar y articulos para el mantenimiento corriente del hogar;2020;Febrero;101,89
Cantabria;Otros bienes y servicios ;2020;Febrero;103,74
Melilla;Vivienda, agua, electricidad, gas y otros combustibles;2020;Febrero;103,82
Extremadura;Transporte;2020;Febrero;109,72
Extremadura;Ocio y cultura;2020;Febrero;99,49
Illes Balears;Sanidad;2020;Febrero;100,04
Comunidad Foral de Navarra;Ensenyanza;2020;Febrero;102,66
Region de Murcia;Otros bienes y servicios ;2020;Febrero;103,16
Region de Murcia;Alimentos y bebidas no alcoholicas;2020;Febrero;105,13
Castilla y Leon;Bebidas alcoholicas y tabaco;2020;Febrero;104,59
Principado de Asturias;Transporte;2020;Febrero;108,66
Extremadura;Comunicaciones;2020;Febrero;103,22
La Rioja;Vestido y calzado;2020;Febrero;91,94
Comunitat Valenciana;Muebles, articulos del hogar y articulos para el mantenimiento corriente del hogar;2020;Febrero;99,72
Castilla y Leon;Vestido y calzado;2020;Febrero;93,84
Catalunya;Vivienda, agua, electricidad, gas y otros combustibles;2020;Febrero;102,53
Illes Balears;Vestido y calzado;2020;Febrero;94,29
Castilla y Leon;Alimentos y bebidas no alcoholicas;2020;Febrero;105,77
Melilla;Otros bienes y servicios ;2020;Febrero;101,04
Region de Murcia;Vestido y calzado;2020;Febrero;92,79
Castilla y Leon;Ensenyanza;2020;Febrero;100,41
Castilla - La Mancha;Muebles, articulos del hogar y articulos para el mantenimiento corriente del hogar;2020;Febrero;99,60
Principado de Asturias;Vivienda, agua, electricidad, gas y otros combustibles;2020;Febrero;102,62
La Rioja;Ensenyanza;2020;Febrero;104,79
Comunidad Foral de Navarra;Vivienda, agua, electricidad, gas y otros combustibles;2020;Febrero;103,77
Comunitat Valenciana;Restaurantes y hoteles;2020;Febrero;106,61
Castilla - La Mancha;Sanidad;2020;Febrero;101,55
Aragon;Restaurantes y hoteles;2020;Febrero;108,26
Region de Murcia;Muebles, articulos del hogar y articulos para el mantenimiento corriente del hogar;2020;Febrero;99,21
Castilla - La Mancha;Otros bienes y servicios ;2020;Febrero;103,78
Ceuta;Muebles, articulos del hogar y articulos para el mantenimiento corriente del hogar;2020;Febrero;96,60
Castilla - La Mancha;Transporte;2020;Febrero;109,48
Comunitat Valenciana;Ensenyanza;2020;Febrero;102,31
Comunitat Valenciana;Transporte;2020;Febrero;109,00
Comunidad Foral de Navarra;Vestido y calzado;2020;Febrero;93,95
Castilla - La Mancha;Comunicaciones;2020;Febrero;104,74
Andalucia;Vestido y calzado;2020;Febrero;92,68
Ceuta;Restaurantes y hoteles;2020;Febrero;101,96
Illes Balears;Vivienda, agua, electricidad, gas y otros combustibles;2020;Febrero;103,50
Comunitat Valenciana;Comunicaciones;2020;Febrero;102,70
Castilla - La Mancha;Ocio y cultura;2020;Febrero;98,47
Comunidad de Madrid;Vivienda, agua, electricidad, gas y otros combustibles;2020;Febrero;103,16
Comunitat Valenciana;Ocio y cultura;2020;Febrero;100,33
Comunidad de Madrid;Muebles, articulos del hogar y articulos para el mantenimiento corriente del hogar;2020;Febrero;100,58
Castilla - La Mancha;Ensenyanza;2020;Febrero;103,95
Principado de Asturias;Vestido y calzado;2020;Febrero;93,04
Andalucia;Otros bienes y servicios ;2020;Febrero;103,30
Region de Murcia;Sanidad;2020;Febrero;101,22
Ceuta;Otros bienes y servicios ;2020;Febrero;101,10
Catalunya;Alimentos y bebidas no alcoholicas;2020;Febrero;107,07
Castilla - La Mancha;Vivienda, agua, electricidad, gas y otros combustibles;2020;Febrero;103,94
Andalucia;Comunicaciones;2020;Febrero;104,08
Illes Balears;Bebidas alcoholicas y tabaco;2020;Febrero;103,25
Illes Balears;Muebles, articulos del hogar y articulos para el mantenimiento corriente del hogar;2020;Febrero;100,29
Extremadura;Vestido y calzado;2020;Febrero;92,03
Castilla y Leon;Restaurantes y hoteles;2020;Febrero;106,02
Aragon;Vivienda, agua, electricidad, gas y otros combustibles;2020;Febrero;103,07
Comunidad Foral de Navarra;Sanidad;2020;Febrero;104,31
Catalunya;Bebidas alcoholicas y tabaco;2020;Febrero;105,07
Comunidad de Madrid;Sanidad;2020;Febrero;100,94
Castilla y Leon;Otros bienes y servicios ;2020;Febrero;103,59
Principado de Asturias;Muebles, articulos del hogar y articulos para el mantenimiento corriente del hogar;2020;Febrero;100,25
Melilla;Alimentos y bebidas no alcoholicas;2020;Febrero;102,87
Ceuta;Vivienda, agua, electricidad, gas y otros combustibles;2020;Febrero;102,24
Extremadura;Bebidas alcoholicas y tabaco;2020;Febrero;103,95
Castilla - La Mancha;Alimentos y bebidas no alcoholicas;2020;Febrero;106,51
Comunidad Foral de Navarra;Alimentos y bebidas no alcoholicas;2020;Febrero;104,91
Region de Murcia;Vivienda, agua, electricidad, gas y otros combustibles;2020;Febrero;100,54
Castilla - La Mancha;Bebidas alcoholicas y tabaco;2020;Febrero;104,70
La Rioja;Vivienda, agua, electricidad, gas y otros combustibles;2020;Febrero;102,10
Comunidad Foral de Navarra;Muebles, articulos del hogar y articulos para el mantenimiento corriente del hogar;2020;Febrero;99,21
Extremadura;Alimentos y bebidas no alcoholicas;2020;Febrero;104,49
Ceuta;Ensenyanza;2020;Febrero;104,71
Castilla - La Mancha;Vestido y calzado;2020;Febrero;92,98
Aragon;Bebidas alcoholicas y tabaco;2020;Febrero;104,35
La Rioja;Transporte;2020;Febrero;110,79
Aragon;Ensenyanza;2020;Febrero;103,87
Comunitat Valenciana;Otros bienes y servicios ;2020;Febrero;103,61
Ceuta;Ocio y cultura;2020;Febrero;97,90
Melilla;Restaurantes y hoteles;2020;Febrero;105,07
La Rioja;Comunicaciones;2020;Febrero;103,58
Principado de Asturias;Comunicaciones;2020;Febrero;103,31
La Rioja;Sanidad;2020;Febrero;101,71
Pais Vasco;Sanidad;2020;Febrero;102,18
Aragon;Sanidad;2020;Febrero;101,87
Galicia;Comunicaciones;2020;Febrero;103,84
Canarias;Muebles, articulos del hogar y articulos para el mantenimiento corriente del hogar;2020;Febrero;97,96
Ceuta;Comunicaciones;2020;Febrero;107,21
La Rioja;Alimentos y bebidas no alcoholicas;2020;Febrero;105,67
Comunitat Valenciana;Bebidas alcoholicas y tabaco;2020;Febrero;103,93
Canarias;Sanidad;2020;Febrero;100,22
Principado de Asturias;Restaurantes y hoteles;2020;Febrero;105,11
Comunidad de Madrid;Transporte;2020;Febrero;109,97
Andalucia;Ocio y cultura;2020;Febrero;99,46
La Rioja;Otros bienes y servicios ;2020;Febrero;103,05
Canarias;Transporte;2020;Febrero;110,11
Pais Vasco;Ocio y cultura;2020;Febrero;100,47
Melilla;Comunicaciones;2020;Febrero;103,35
Pais Vasco;Muebles, articulos del hogar y articulos para el mantenimiento corriente del hogar;2020;Febrero;100,87
Galicia;Transporte;2020;Febrero;108,61
Canarias;Comunicaciones;2020;Febrero;103,89
Catalunya;Ocio y cultura;2020;Febrero;100,89
Illes Balears;Alimentos y bebidas no alcoholicas;2020;Febrero;104,90
Galicia;Sanidad;2020;Febrero;103,43
Extremadura;Restaurantes y hoteles;2020;Febrero;106,26
Illes Balears;Comunicaciones;2020;Febrero;105,04
Pais Vasco;Vivienda, agua, electricidad, gas y otros combustibles;2020;Febrero;102,63
Canarias;Vivienda, agua, electricidad, gas y otros combustibles;2020;Febrero;101,87
Comunidad de Madrid;Ocio y cultura;2020;Febrero;100,37
Catalunya;Ensenyanza;2020;Febrero;103,61
Melilla;Ocio y cultura;2020;Febrero;98,63
Illes Balears;Ensenyanza;2020;Febrero;105,12
Pais Vasco;Comunicaciones;2020;Febrero;104,25
Region de Murcia;Ocio y cultura;2020;Febrero;98,62
Aragon;Muebles, articulos del hogar y articulos para el mantenimiento corriente del hogar;2020;Febrero;98,15
Galicia;Otros bienes y servicios ;2020;Febrero;103,09
Illes Balears;Restaurantes y hoteles;2020;Febrero;107,04
Melilla;Ensenyanza;2020;Febrero;101,91
Aragon;Alimentos y bebidas no alcoholicas;2020;Febrero;105,06
La Rioja;Restaurantes y hoteles;2020;Febrero;104,52
Catalunya;Restaurantes y hoteles;2020;Febrero;106,93
Illes Balears;Otros bienes y servicios ;2020;Febrero;104,92
Illes Balears;Ocio y cultura;2020;Febrero;99,53
Region de Murcia;Ensenyanza;2020;Febrero;105,16
Galicia;Restaurantes y hoteles;2020;Febrero;107,55
Canarias;Alimentos y bebidas no alcoholicas;2020;Febrero;105,62
Principado de Asturias;Otros bienes y servicios ;2020;Febrero;105,86
Pais Vasco;Transporte;2020;Febrero;111,04
La Rioja;Ocio y cultura;2020;Febrero;99,32
Galicia;Ensenyanza;2020;Febrero;105,37
Canarias;Bebidas alcoholicas y tabaco;2020;Febrero;117,69
Comunitat Valenciana;Alimentos y bebidas no alcoholicas;2020;Febrero;105,42
Andalucia;Alimentos y bebidas no alcoholicas;2020;Febrero;105,44
Aragon;Otros bienes y servicios ;2020;Febrero;103,71
Ceuta;Transporte;2020;Febrero;106,70
Canarias;Vestido y calzado;2020;Febrero;91,42
Galicia;Ocio y cultura;2020;Febrero;98,83
Comunidad de Madrid;Comunicaciones;2020;Febrero;104,93
Comunidad de Madrid;Ensenyanza;2020;Febrero;102,74
Canarias;Ocio y cultura;2020;Febrero;98,37
Principado de Asturias;Ocio y cultura;2020;Febrero;98,11
Galicia;Bebidas alcoholicas y tabaco;2020;Febrero;104,92
Cantabria;Vivienda, agua, electricidad, gas y otros combustibles;2020;Febrero;101,68
Canarias;Ensenyanza;2020;Febrero;101,02
Catalunya;Transporte;2020;Febrero;109,84
Aragon;Vestido y calzado;2020;Febrero;93,75
Andalucia;Sanidad;2020;Febrero;101,75
Cantabria;Muebles, articulos del hogar y articulos para el mantenimiento corriente del hogar;2020;Febrero;99,17
Illes Balears;Transporte;2020;Febrero;107,10
Pais Vasco;Alimentos y bebidas no alcoholicas;2020;Febrero;105,85
Galicia;Alimentos y bebidas no alcoholicas;2020;Febrero;105,10
Region de Murcia;Comunicaciones;2020;Febrero;103,71
Cantabria;Sanidad;2020;Febrero;103,90
Region de Murcia;Restaurantes y hoteles;2020;Febrero;105,50
Andalucia;Ensenyanza;2020;Febrero;104,84
Comunidad de Madrid;Otros bienes y servicios ;2020;Febrero;105,54
Cantabria;Transporte;2020;Febrero;112,23
Extremadura;Otros bienes y servicios ;2020;Febrero;103,18
Melilla;Muebles, articulos del hogar y articulos para el mantenimiento corriente del hogar;2020;Febrero;101,89
Comunidad Foral de Navarra;Otros bienes y servicios ;2020;Febrero;103,47
Cantabria;Comunicaciones;2020;Febrero;105,45
Pais Vasco;Otros bienes y servicios ;2020;Febrero;103,94
Catalunya;Sanidad;2020;Febrero;102,94
Comunitat Valenciana;Vivienda, agua, electricidad, gas y otros combustibles;2020;Febrero;101,47
Region de Murcia;Transporte;2020;Febrero;108,48
Cantabria;Ocio y cultura;2020;Febrero;97,56
La Rioja;Bebidas alcoholicas y tabaco;2020;Febrero;104,29
Melilla;Sanidad;2020;Febrero;102,53
Castilla - La Mancha;Restaurantes y hoteles;2020;Febrero;106,36
Comunidad de Madrid;Bebidas alcoholicas y tabaco;2020;Febrero;104,74
Galicia;Muebles, articulos del hogar y articulos para el mantenimiento corriente del hogar;2020;Febrero;100,76
Principado de Asturias;Alimentos y bebidas no alcoholicas;2020;Febrero;104,03
Canarias;Restaurantes y hoteles;2020;Febrero;107,08
Principado de Asturias;Ensenyanza;2020;Febrero;99,59
Melilla;Transporte;2020;Febrero;103,35
Pais Vasco;Vestido y calzado;2020;Febrero;93,29
Catalunya;Comunicaciones;2020;Febrero;103,61
Canarias;Otros bienes y servicios ;2020;Febrero;103,41
Pais Vasco;Restaurantes y hoteles;2020;Febrero;105,56
Cantabria;Vestido y calzado;2020;Febrero;94,55
Comunitat Valenciana;Vestido y calzado;2020;Febrero;93,24
Cantabria;Alimentos y bebidas no alcoholicas;2020;Febrero;105,11
Galicia;Vivienda, agua, electricidad, gas y otros combustibles;2020;Febrero;103,30
Aragon;Transporte;2020;Febrero;109,20
Andalucia;Muebles, articulos del hogar y articulos para el mantenimiento corriente del hogar;2020;Febrero;99,15
Comunidad de Madrid;Restaurantes y hoteles;2020;Febrero;106,58
Galicia;Vestido y calzado;2020;Febrero;93,49
Pais Vasco;Bebidas alcoholicas y tabaco;2020;Febrero;104,80
Cantabria;Bebidas alcoholicas y tabaco;2020;Febrero;104,11
Ceuta;Alimentos y bebidas no alcoholicas;2020;Febrero;103,20
Andalucia;Vivienda, agua, electricidad, gas y otros combustibles;2020;Marzo;99,98
Comunitat Valenciana;Bebidas alcoholicas y tabaco;2020;Marzo;103,89
Aragon;Restaurantes y hoteles;2020;Marzo;107,91
Aragon;Otros bienes y servicios ;2020;Marzo;103,94
Comunitat Valenciana;Vivienda, agua, electricidad, gas y otros combustibles;2020;Marzo;99,30
Andalucia;Comunicaciones;2020;Marzo;105,36
La Rioja;Ensenyanza;2020;Marzo;104,79
Comunidad de Madrid;Muebles, articulos del hogar y articulos para el mantenimiento corriente del hogar;2020;Marzo;100,89
Comunitat Valenciana;Comunicaciones;2020;Marzo;103,90
Region de Murcia;Transporte;2020;Marzo;104,51
Comunitat Valenciana;Alimentos y bebidas no alcoholicas;2020;Marzo;105,37
Ceuta;Sanidad;2020;Marzo;101,39
Comunitat Valenciana;Muebles, articulos del hogar y articulos para el mantenimiento corriente del hogar;2020;Marzo;100,07
Comunitat Valenciana;Vestido y calzado;2020;Marzo;96,64
Region de Murcia;Comunicaciones;2020;Marzo;104,96
Comunitat Valenciana;Sanidad;2020;Marzo;102,69
Ceuta;Transporte;2020;Marzo;102,84
Comunidad de Madrid;Alimentos y bebidas no alcoholicas;2020;Marzo;105,08
Comunitat Valenciana;Ocio y cultura;2020;Marzo;100,01
Aragon;Vestido y calzado;2020;Marzo;96,96
Extremadura;Otros bienes y servicios ;2020;Marzo;103,53
Aragon;Muebles, articulos del hogar y articulos para el mantenimiento corriente del hogar;2020;Marzo;98,63
Comunidad de Madrid;Otros bienes y servicios ;2020;Marzo;105,59
Galicia;Alimentos y bebidas no alcoholicas;2020;Marzo;105,26
Galicia;Bebidas alcoholicas y tabaco;2020;Marzo;104,85
Galicia;Vestido y calzado;2020;Marzo;97,32
Comunidad de Madrid;Restaurantes y hoteles;2020;Marzo;106,78
Galicia;Vivienda, agua, electricidad, gas y otros combustibles;2020;Marzo;100,63
Aragon;Transporte;2020;Marzo;105,61
Ceuta;Alimentos y bebidas no alcoholicas;2020;Marzo;103,67
Galicia;Muebles, articulos del hogar y articulos para el mantenimiento corriente del hogar;2020;Marzo;101,03
Comunidad de Madrid;Bebidas alcoholicas y tabaco;2020;Marzo;104,77
Comunidad de Madrid;Ensenyanza;2020;Marzo;102,74
Galicia;Sanidad;2020;Marzo;103,48
Galicia;Transporte;2020;Marzo;104,74
La Rioja;Ocio y cultura;2020;Marzo;99,02
Galicia;Comunicaciones;2020;Marzo;105,11
Aragon;Vivienda, agua, electricidad, gas y otros combustibles;2020;Marzo;100,43
La Rioja;Otros bienes y servicios ;2020;Marzo;103,62
Galicia;Ocio y cultura;2020;Marzo;98,65
Aragon;Sanidad;2020;Marzo;101,99
Comunidad de Madrid;Ocio y cultura;2020;Marzo;101,16
Galicia;Ensenyanza;2020;Marzo;105,37
Galicia;Restaurantes y hoteles;2020;Marzo;107,96
Comunidad de Madrid;Comunicaciones;2020;Marzo;106,27
Galicia;Otros bienes y servicios ;2020;Marzo;103,19
La Rioja;Restaurantes y hoteles;2020;Marzo;105,21
Andalucia;Sanidad;2020;Marzo;101,90
Ceuta;Bebidas alcoholicas y tabaco;2020;Marzo;104,63
Region de Murcia;Sanidad;2020;Marzo;102,16
Aragon;Comunicaciones;2020;Marzo;105,45
Extremadura;Ensenyanza;2020;Marzo;105,05
La Rioja;Transporte;2020;Marzo;107,67
Aragon;Bebidas alcoholicas y tabaco;2020;Marzo;104,39
Comunitat Valenciana;Ensenyanza;2020;Marzo;102,31
Ceuta;Muebles, articulos del hogar y articulos para el mantenimiento corriente del hogar;2020;Marzo;96,51
Comunitat Valenciana;Restaurantes y hoteles;2020;Marzo;107,00
Comunidad de Madrid;Vivienda, agua, electricidad, gas y otros combustibles;2020;Marzo;101,88
Region de Murcia;Muebles, articulos del hogar y articulos para el mantenimiento corriente del hogar;2020;Marzo;99,24
Comunitat Valenciana;Otros bienes y servicios ;2020;Marzo;103,76
Comunidad de Madrid;Sanidad;2020;Marzo;100,93
Extremadura;Alimentos y bebidas no alcoholicas;2020;Marzo;104,57
Aragon;Ensenyanza;2020;Marzo;103,87
Region de Murcia;Vivienda, agua, electricidad, gas y otros combustibles;2020;Marzo;98,84
Extremadura;Bebidas alcoholicas y tabaco;2020;Marzo;104,02
Extremadura;Vestido y calzado;2020;Marzo;96,37
Ceuta;Vivienda, agua, electricidad, gas y otros combustibles;2020;Marzo;100,82
Extremadura;Vivienda, agua, electricidad, gas y otros combustibles;2020;Marzo;99,03
Region de Murcia;Vestido y calzado;2020;Marzo;96,17
Extremadura;Muebles, articulos del hogar y articulos para el mantenimiento corriente del hogar;2020;Marzo;99,92
Extremadura;Sanidad;2020;Marzo;100,78
Aragon;Ocio y cultura;2020;Marzo;98,68
Extremadura;Transporte;2020;Marzo;106,03
Ceuta;Vestido y calzado;2020;Marzo;99,42
Comunidad de Madrid;Vestido y calzado;2020;Marzo;99,16
La Rioja;Comunicaciones;2020;Marzo;104,84
Extremadura;Comunicaciones;2020;Marzo;104,45
Region de Murcia;Alimentos y bebidas no alcoholicas;2020;Marzo;105,16
Extremadura;Ocio y cultura;2020;Marzo;98,88
Comunidad de Madrid;Transporte;2020;Marzo;106,83
Andalucia;Muebles, articulos del hogar y articulos para el mantenimiento corriente del hogar;2020;Marzo;99,32
Extremadura;Restaurantes y hoteles;2020;Marzo;106,49
Region de Murcia;Bebidas alcoholicas y tabaco;2020;Marzo;104,74
Comunitat Valenciana;Transporte;2020;Marzo;105,37
Region de Murcia;Ocio y cultura;2020;Marzo;97,75
Andalucia;Bebidas alcoholicas y tabaco;2020;Marzo;103,80
Cantabria;Transporte;2020;Marzo;108,25
Cantabria;Sanidad;2020;Marzo;103,90
Pais Vasco;Alimentos y bebidas no alcoholicas;2020;Marzo;105,89
Principado de Asturias;Ocio y cultura;2020;Marzo;97,74
Cantabria;Muebles, articulos del hogar y articulos para el mantenimiento corriente del hogar;2020;Marzo;99,51
Andalucia;Ensenyanza;2020;Marzo;104,84
Melilla;Sanidad;2020;Marzo;102,53
Cantabria;Vivienda, agua, electricidad, gas y otros combustibles;2020;Marzo;99,73
Cantabria;Vestido y calzado;2020;Marzo;96,87
Pais Vasco;Bebidas alcoholicas y tabaco;2020;Marzo;104,51
Cantabria;Bebidas alcoholicas y tabaco;2020;Marzo;104,12
La Rioja;Bebidas alcoholicas y tabaco;2020;Marzo;104,80
Cantabria;Alimentos y bebidas no alcoholicas;2020;Marzo;105,19
Pais Vasco;Vestido y calzado;2020;Marzo;98,17
Melilla;Transporte;2020;Marzo;99,69
Principado de Asturias;Ensenyanza;2020;Marzo;99,59
Cantabria;Comunicaciones;2020;Marzo;106,82
Canarias;Otros bienes y servicios ;2020;Marzo;103,44
Melilla;Muebles, articulos del hogar y articulos para el mantenimiento corriente del hogar;2020;Marzo;102,01
Cantabria;Ocio y cultura;2020;Marzo;97,74
Castilla y Leon;Sanidad;2020;Marzo;102,25
Melilla;Vestido y calzado;2020;Marzo;99,88
Castilla y Leon;Muebles, articulos del hogar y articulos para el mantenimiento corriente del hogar;2020;Marzo;101,10
Comunidad Foral de Navarra;Ocio y cultura;2020;Marzo;99,14
Castilla y Leon;Vivienda, agua, electricidad, gas y otros combustibles;2020;Marzo;100,31
Principado de Asturias;Transporte;2020;Marzo;105,17
Castilla y Leon;Vestido y calzado;2020;Marzo;97,69
Castilla y Leon;Bebidas alcoholicas y tabaco;2020;Marzo;104,61
Comunidad Foral de Navarra;Ensenyanza;2020;Marzo;102,66
Catalunya;Otros bienes y servicios ;2020;Marzo;106,01
La Rioja;Vestido y calzado;2020;Marzo;92,67
Melilla;Vivienda, agua, electricidad, gas y otros combustibles;2020;Marzo;102,01
Cantabria;Otros bienes y servicios ;2020;Marzo;103,68
Cantabria;Restaurantes y hoteles;2020;Marzo;106,49
Comunidad Foral de Navarra;Restaurantes y hoteles;2020;Marzo;106,48
Principado de Asturias;Comunicaciones;2020;Marzo;104,54
Cantabria;Ensenyanza;2020;Marzo;102,47
Comunidad Foral de Navarra;Otros bienes y servicios ;2020;Marzo;103,53
Canarias;Restaurantes y hoteles;2020;Marzo;106,96
Canarias;Ensenyanza;2020;Marzo;101,02
Pais Vasco;Vivienda, agua, electricidad, gas y otros combustibles;2020;Marzo;100,67
Andalucia;Alimentos y bebidas no alcoholicas;2020;Marzo;105,61
Illes Balears;Ensenyanza;2020;Marzo;105,12
Illes Balears;Alimentos y bebidas no alcoholicas;2020;Marzo;105,45
Illes Balears;Ocio y cultura;2020;Marzo;99,39
Pais Vasco;Ocio y cultura;2020;Marzo;100,15
Illes Balears;Comunicaciones;2020;Marzo;106,40
Melilla;Restaurantes y hoteles;2020;Marzo;105,16
Illes Balears;Transporte;2020;Marzo;103,94
Illes Balears;Sanidad;2020;Marzo;101,18
Pais Vasco;Ensenyanza;2020;Marzo;104,60
Illes Balears;Muebles, articulos del hogar y articulos para el mantenimiento corriente del hogar;2020;Marzo;100,68
Pais Vasco;Otros bienes y servicios ;2020;Marzo;104,25
Illes Balears;Bebidas alcoholicas y tabaco;2020;Marzo;103,28
Illes Balears;Vivienda, agua, electricidad, gas y otros combustibles;2020;Marzo;101,80
Pais Vasco;Restaurantes y hoteles;2020;Marzo;106,19
Melilla;Otros bienes y servicios ;2020;Marzo;100,99
Illes Balears;Vestido y calzado;2020;Marzo;97,77
Pais Vasco;Comunicaciones;2020;Marzo;105,54
Illes Balears;Restaurantes y hoteles;2020;Marzo;107,43
Melilla;Ensenyanza;2020;Marzo;101,91
Illes Balears;Otros bienes y servicios ;2020;Marzo;105,01
Canarias;Ocio y cultura;2020;Marzo;97,91
Melilla;Comunicaciones;2020;Marzo;104,58
Pais Vasco;Muebles, articulos del hogar y articulos para el mantenimiento corriente del hogar;2020;Marzo;101,47
Canarias;Comunicaciones;2020;Marzo;105,16
Principado de Asturias;Restaurantes y hoteles;2020;Marzo;105,54
Canarias;Transporte;2020;Marzo;108,58
Canarias;Sanidad;2020;Marzo;100,22
Canarias;Muebles, articulos del hogar y articulos para el mantenimiento corriente del hogar;2020;Marzo;98,03
Andalucia;Restaurantes y hoteles;2020;Marzo;106,46
Pais Vasco;Sanidad;2020;Marzo;101,80
Canarias;Vivienda, agua, electricidad, gas y otros combustibles;2020;Marzo;100,46
Andalucia;Ocio y cultura;2020;Marzo;99,19
La Rioja;Alimentos y bebidas no alcoholicas;2020;Marzo;105,75
Canarias;Vestido y calzado;2020;Marzo;97,34
Principado de Asturias;Otros bienes y servicios ;2020;Marzo;105,97
Canarias;Bebidas alcoholicas y tabaco;2020;Marzo;118,87
Pais Vasco;Transporte;2020;Marzo;107,54
Canarias;Alimentos y bebidas no alcoholicas;2020;Marzo;105,86
Melilla;Ocio y cultura;2020;Marzo;98,28
Castilla y Leon;Transporte;2020;Marzo;107,64
Castilla y Leon;Alimentos y bebidas no alcoholicas;2020;Marzo;105,91
Castilla - La Mancha;Ensenyanza;2020;Marzo;103,95
Catalunya;Alimentos y bebidas no alcoholicas;2020;Marzo;107,09
Andalucia;Vestido y calzado;2020;Marzo;97,74
Andalucia;Transporte;2020;Marzo;105,75
La Rioja;Muebles, articulos del hogar y articulos para el mantenimiento corriente del hogar;2020;Marzo;102,71
Catalunya;Transporte;2020;Marzo;106,15
Castilla - La Mancha;Vivienda, agua, electricidad, gas y otros combustibles;2020;Marzo;100,21
Region de Murcia;Restaurantes y hoteles;2020;Marzo;105,59
Catalunya;Vestido y calzado;2020;Marzo;97,45
Castilla - La Mancha;Muebles, articulos del hogar y articulos para el mantenimiento corriente del hogar;2020;Marzo;99,66
Ceuta;Otros bienes y servicios ;2020;Marzo;101,21
Castilla - La Mancha;Sanidad;2020;Marzo;101,56
Principado de Asturias;Vivienda, agua, electricidad, gas y otros combustibles;2020;Marzo;100,20
Comunidad Foral de Navarra;Vivienda, agua, electricidad, gas y otros combustibles;2020;Marzo;100,76
Principado de Asturias;Bebidas alcoholicas y tabaco;2020;Marzo;104,56
Castilla - La Mancha;Otros bienes y servicios ;2020;Marzo;103,83
Castilla - La Mancha;Transporte;2020;Marzo;105,88
Ceuta;Ocio y cultura;2020;Marzo;97,85
Andalucia;Otros bienes y servicios ;2020;Marzo;103,50
Catalunya;Sanidad;2020;Marzo;102,74
Comunidad Foral de Navarra;Vestido y calzado;2020;Marzo;98,31
Castilla - La Mancha;Comunicaciones;2020;Marzo;106,07
Castilla - La Mancha;Ocio y cultura;2020;Marzo;97,92
Ceuta;Restaurantes y hoteles;2020;Marzo;102,00
Region de Murcia;Otros bienes y servicios ;2020;Marzo;103,25
Comunidad Foral de Navarra;Bebidas alcoholicas y tabaco;2020;Marzo;103,78
Comunidad Foral de Navarra;Comunicaciones;2020;Marzo;103,65
Catalunya;Muebles, articulos del hogar y articulos para el mantenimiento corriente del hogar;2020;Marzo;102,14
Castilla - La Mancha;Restaurantes y hoteles;2020;Marzo;106,58
Comunidad Foral de Navarra;Muebles, articulos del hogar y articulos para el mantenimiento corriente del hogar;2020;Marzo;99,55
Castilla - La Mancha;Vestido y calzado;2020;Marzo;97,58
Catalunya;Comunicaciones;2020;Marzo;104,86
Castilla y Leon;Comunicaciones;2020;Marzo;105,30
Comunidad Foral de Navarra;Alimentos y bebidas no alcoholicas;2020;Marzo;104,95
Catalunya;Restaurantes y hoteles;2020;Marzo;107,46
Principado de Asturias;Sanidad;2020;Marzo;100,66
Castilla y Leon;Ocio y cultura;2020;Marzo;99,36
Melilla;Bebidas alcoholicas y tabaco;2020;Marzo;103,72
Comunidad Foral de Navarra;Transporte;2020;Marzo;106,02
La Rioja;Sanidad;2020;Marzo;101,08
Ceuta;Comunicaciones;2020;Marzo;108,70
Castilla y Leon;Ensenyanza;2020;Marzo;100,41
Catalunya;Bebidas alcoholicas y tabaco;2020;Marzo;105,03
Castilla - La Mancha;Bebidas alcoholicas y tabaco;2020;Marzo;104,65
Catalunya;Ensenyanza;2020;Marzo;103,61
Principado de Asturias;Vestido y calzado;2020;Marzo;95,82
Castilla y Leon;Restaurantes y hoteles;2020;Marzo;106,35
La Rioja;Vivienda, agua, electricidad, gas y otros combustibles;2020;Marzo;99,60
Melilla;Alimentos y bebidas no alcoholicas;2020;Marzo;102,16
Principado de Asturias;Muebles, articulos del hogar y articulos para el mantenimiento corriente del hogar;2020;Marzo;100,78
Castilla - La Mancha;Alimentos y bebidas no alcoholicas;2020;Marzo;106,70
Region de Murcia;Ensenyanza;2020;Marzo;105,16
Aragon;Alimentos y bebidas no alcoholicas;2020;Marzo;105,33
Ceuta;Ensenyanza;2020;Marzo;104,71
Catalunya;Ocio y cultura;2020;Marzo;100,52
Principado de Asturias;Alimentos y bebidas no alcoholicas;2020;Marzo;104,46
Castilla y Leon;Otros bienes y servicios ;2020;Marzo;103,67
Comunidad Foral de Navarra;Sanidad;2020;Marzo;104,05
Catalunya;Vivienda, agua, electricidad, gas y otros combustibles;2020;Marzo;100,72
Aragon;Vivienda, agua, electricidad, gas y otros combustibles;2020;Abril;97,78
Andalucia;Ocio y cultura;2020;Abril;99,85
Comunidad de Madrid;Ocio y cultura;2020;Abril;102,08
Andalucia;Transporte;2020;Abril;102,16
Pais Vasco;Ocio y cultura;2020;Abril;101,06
Pais Vasco;Comunicaciones;2020;Abril;105,37
Comunidad de Madrid;Comunicaciones;2020;Abril;106,10
Region de Murcia;Otros bienes y servicios ;2020;Abril;103,23
Aragon;Alimentos y bebidas no alcoholicas;2020;Abril;105,69
Region de Murcia;Comunicaciones;2020;Abril;104,79
Andalucia;Comunicaciones;2020;Abril;105,19
Region de Murcia;Restaurantes y hoteles;2020;Abril;106,21
La Rioja;Sanidad;2020;Abril;101,16
Pais Vasco;Ensenyanza;2020;Abril;104,61
Comunidad de Madrid;Transporte;2020;Abril;103,53
Pais Vasco;Restaurantes y hoteles;2020;Abril;106,89
Region de Murcia;Ensenyanza;2020;Abril;105,17
Comunidad de Madrid;Sanidad;2020;Abril;100,95
Region de Murcia;Ocio y cultura;2020;Abril;98,45
La Rioja;Alimentos y bebidas no alcoholicas;2020;Abril;106,96
Pais Vasco;Transporte;2020;Abril;104,21
La Rioja;Comunicaciones;2020;Abril;104,66
Comunidad Foral de Navarra;Alimentos y bebidas no alcoholicas;2020;Abril;106,87
Comunidad Foral de Navarra;Muebles, articulos del hogar y articulos para el mantenimiento corriente del hogar;2020;Abril;99,86
Comunidad Foral de Navarra;Otros bienes y servicios ;2020;Abril;103,81
Comunidad Foral de Navarra;Restaurantes y hoteles;2020;Abril;107,76
La Rioja;Vestido y calzado;2020;Abril;110,53
Region de Murcia;Alimentos y bebidas no alcoholicas;2020;Abril;106,84
Region de Murcia;Vivienda, agua, electricidad, gas y otros combustibles;2020;Abril;97,14
Comunidad Foral de Navarra;Sanidad;2020;Abril;104,09
Pais Vasco;Alimentos y bebidas no alcoholicas;2020;Abril;106,94
La Rioja;Vivienda, agua, electricidad, gas y otros combustibles;2020;Abril;96,85
Comunidad Foral de Navarra;Ensenyanza;2020;Abril;102,67
Comunidad Foral de Navarra;Transporte;2020;Abril;102,45
Andalucia;Restaurantes y hoteles;2020;Abril;107,12
Region de Murcia;Bebidas alcoholicas y tabaco;2020;Abril;104,40
Comunidad Foral de Navarra;Ocio y cultura;2020;Abril;100,38
Region de Murcia;Vestido y calzado;2020;Abril;109,53
Comunidad Foral de Navarra;Comunicaciones;2020;Abril;103,47
Aragon;Vestido y calzado;2020;Abril;107,14
Region de Murcia;Transporte;2020;Abril;100,45
Comunidad de Madrid;Otros bienes y servicios ;2020;Abril;105,63
Region de Murcia;Muebles, articulos del hogar y articulos para el mantenimiento corriente del hogar;2020;Abril;99,58
La Rioja;Transporte;2020;Abril;104,10
Pais Vasco;Sanidad;2020;Abril;101,87
Aragon;Bebidas alcoholicas y tabaco;2020;Abril;104,22
Comunidad Foral de Navarra;Bebidas alcoholicas y tabaco;2020;Abril;103,96
La Rioja;Ocio y cultura;2020;Abril;100,01
Comunidad de Madrid;Ensenyanza;2020;Abril;102,75
Pais Vasco;Muebles, articulos del hogar y articulos para el mantenimiento corriente del hogar;2020;Abril;101,22
Andalucia;Otros bienes y servicios ;2020;Abril;103,78
Region de Murcia;Sanidad;2020;Abril;102,20
La Rioja;Muebles, articulos del hogar y articulos para el mantenimiento corriente del hogar;2020;Abril;102,69
Comunidad de Madrid;Restaurantes y hoteles;2020;Abril;107,61
Comunidad Foral de Navarra;Vestido y calzado;2020;Abril;106,31
Pais Vasco;Vestido y calzado;2020;Abril;108,37
Andalucia;Ensenyanza;2020;Abril;104,85
Comunidad Foral de Navarra;Vivienda, agua, electricidad, gas y otros combustibles;2020;Abril;98,05
Pais Vasco;Bebidas alcoholicas y tabaco;2020;Abril;104,64
La Rioja;Bebidas alcoholicas y tabaco;2020;Abril;104,73
Pais Vasco;Vivienda, agua, electricidad, gas y otros combustibles;2020;Abril;98,66
Pais Vasco;Otros bienes y servicios ;2020;Abril;104,05
Comunidad de Madrid;Muebles, articulos del hogar y articulos para el mantenimiento corriente del hogar;2020;Abril;101,39
Melilla;Bebidas alcoholicas y tabaco;2020;Abril;103,72
Castilla y Leon;Ensenyanza;2020;Abril;100,42
Principado de Asturias;Sanidad;2020;Abril;100,71
Castilla y Leon;Ocio y cultura;2020;Abril;100,18
Castilla y Leon;Comunicaciones;2020;Abril;105,13
Castilla y Leon;Transporte;2020;Abril;104,13
Castilla y Leon;Sanidad;2020;Abril;102,29
Melilla;Vestido y calzado;2020;Abril;109,26
Castilla y Leon;Muebles, articulos del hogar y articulos para el mantenimiento corriente del hogar;2020;Abril;101,59
Principado de Asturias;Transporte;2020;Abril;101,70
Castilla y Leon;Vivienda, agua, electricidad, gas y otros combustibles;2020;Abril;97,13
Castilla y Leon;Vestido y calzado;2020;Abril;106,85
Castilla y Leon;Bebidas alcoholicas y tabaco;2020;Abril;104,74
Melilla;Vivienda, agua, electricidad, gas y otros combustibles;2020;Abril;100,30
Castilla y Leon;Alimentos y bebidas no alcoholicas;2020;Abril;107,41
Cantabria;Otros bienes y servicios ;2020;Abril;104,25
Principado de Asturias;Comunicaciones;2020;Abril;104,37
Cantabria;Restaurantes y hoteles;2020;Abril;107,13
Cantabria;Ensenyanza;2020;Abril;102,48
Castilla y Leon;Restaurantes y hoteles;2020;Abril;107,36
Andalucia;Vestido y calzado;2020;Abril;108,01
Castilla y Leon;Otros bienes y servicios ;2020;Abril;103,89
Castilla - La Mancha;Alimentos y bebidas no alcoholicas;2020;Abril;108,03
Ceuta;Ensenyanza;2020;Abril;104,72
Catalunya;Bebidas alcoholicas y tabaco;2020;Abril;105,41
Catalunya;Alimentos y bebidas no alcoholicas;2020;Abril;108,70
Principado de Asturias;Vestido y calzado;2020;Abril;106,75
Castilla - La Mancha;Otros bienes y servicios ;2020;Abril;103,86
Castilla - La Mancha;Restaurantes y hoteles;2020;Abril;107,41
Ceuta;Restaurantes y hoteles;2020;Abril;102,57
La Rioja;Ensenyanza;2020;Abril;104,80
Castilla - La Mancha;Ocio y cultura;2020;Abril;98,56
Melilla;Muebles, articulos del hogar y articulos para el mantenimiento corriente del hogar;2020;Abril;102,53
Castilla - La Mancha;Comunicaciones;2020;Abril;105,90
Castilla - La Mancha;Transporte;2020;Abril;102,16
Ceuta;Otros bienes y servicios ;2020;Abril;101,23
Castilla - La Mancha;Sanidad;2020;Abril;101,55
Castilla - La Mancha;Muebles, articulos del hogar y articulos para el mantenimiento corriente del hogar;2020;Abril;100,03
Castilla - La Mancha;Vivienda, agua, electricidad, gas y otros combustibles;2020;Abril;96,45
Castilla - La Mancha;Vestido y calzado;2020;Abril;107,67
Melilla;Alimentos y bebidas no alcoholicas;2020;Abril;106,32
Principado de Asturias;Muebles, articulos del hogar y articulos para el mantenimiento corriente del hogar;2020;Abril;100,88
Castilla - La Mancha;Bebidas alcoholicas y tabaco;2020;Abril;104,83
Principado de Asturias;Vivienda, agua, electricidad, gas y otros combustibles;2020;Abril;97,72
Catalunya;Vestido y calzado;2020;Abril;107,54
Cantabria;Ocio y cultura;2020;Abril;98,60
Cantabria;Transporte;2020;Abril;104,61
Canarias;Vestido y calzado;2020;Abril;108,70
Canarias;Bebidas alcoholicas y tabaco;2020;Abril;118,57
Canarias;Alimentos y bebidas no alcoholicas;2020;Abril;106,07
Melilla;Ensenyanza;2020;Abril;101,92
Illes Balears;Otros bienes y servicios ;2020;Abril;105,26
Illes Balears;Restaurantes y hoteles;2020;Abril;108,05
Illes Balears;Alimentos y bebidas no alcoholicas;2020;Abril;105,96
Illes Balears;Ensenyanza;2020;Abril;105,12
Illes Balears;Ocio y cultura;2020;Abril;99,85
Melilla;Restaurantes y hoteles;2020;Abril;105,72
Illes Balears;Comunicaciones;2020;Abril;106,23
Illes Balears;Transporte;2020;Abril;101,14
Andalucia;Alimentos y bebidas no alcoholicas;2020;Abril;107,33
Illes Balears;Sanidad;2020;Abril;101,22
Illes Balears;Bebidas alcoholicas y tabaco;2020;Abril;103,19
Illes Balears;Muebles, articulos del hogar y articulos para el mantenimiento corriente del hogar;2020;Abril;100,74
Melilla;Otros bienes y servicios ;2020;Abril;100,77
Illes Balears;Vivienda, agua, electricidad, gas y otros combustibles;2020;Abril;100,06
Illes Balears;Vestido y calzado;2020;Abril;105,97
Principado de Asturias;Otros bienes y servicios ;2020;Abril;106,16
Canarias;Vivienda, agua, electricidad, gas y otros combustibles;2020;Abril;99,13
Melilla;Ocio y cultura;2020;Abril;99,29
Canarias;Muebles, articulos del hogar y articulos para el mantenimiento corriente del hogar;2020;Abril;98,73
Principado de Asturias;Ocio y cultura;2020;Abril;98,52
Cantabria;Sanidad;2020;Abril;103,94
Melilla;Sanidad;2020;Abril;102,56
Cantabria;Muebles, articulos del hogar y articulos para el mantenimiento corriente del hogar;2020;Abril;99,95
Cantabria;Vivienda, agua, electricidad, gas y otros combustibles;2020;Abril;97,70
Cantabria;Vestido y calzado;2020;Abril;104,50
Andalucia;Bebidas alcoholicas y tabaco;2020;Abril;104,17
Cantabria;Bebidas alcoholicas y tabaco;2020;Abril;104,01
Melilla;Transporte;2020;Abril;96,69
Cantabria;Comunicaciones;2020;Abril;106,65
Principado de Asturias;Ensenyanza;2020;Abril;99,61
Canarias;Otros bienes y servicios ;2020;Abril;103,46
Canarias;Restaurantes y hoteles;2020;Abril;107,53
Canarias;Ensenyanza;2020;Abril;101,03
Melilla;Comunicaciones;2020;Abril;104,41
Canarias;Ocio y cultura;2020;Abril;98,87
Principado de Asturias;Restaurantes y hoteles;2020;Abril;106,17
Canarias;Comunicaciones;2020;Abril;104,99
Canarias;Transporte;2020;Abril;106,88
Canarias;Sanidad;2020;Abril;100,28
Cantabria;Alimentos y bebidas no alcoholicas;2020;Abril;106,90
Catalunya;Vivienda, agua, electricidad, gas y otros combustibles;2020;Abril;98,96
Castilla - La Mancha;Ensenyanza;2020;Abril;103,97
Aragon;Restaurantes y hoteles;2020;Abril;108,98
Extremadura;Muebles, articulos del hogar y articulos para el mantenimiento corriente del hogar;2020;Abril;100,35
Extremadura;Vivienda, agua, electricidad, gas y otros combustibles;2020;Abril;96,75
Galicia;Ocio y cultura;2020;Abril;99,22
Ceuta;Vivienda, agua, electricidad, gas y otros combustibles;2020;Abril;99,48
La Rioja;Otros bienes y servicios ;2020;Abril;103,41
Extremadura;Vestido y calzado;2020;Abril;109,26
Aragon;Ensenyanza;2020;Abril;103,88
Extremadura;Bebidas alcoholicas y tabaco;2020;Abril;104,50
Galicia;Ensenyanza;2020;Abril;105,38
Extremadura;Alimentos y bebidas no alcoholicas;2020;Abril;106,68
Aragon;Sanidad;2020;Abril;102,20
Comunitat Valenciana;Otros bienes y servicios ;2020;Abril;103,85
Ceuta;Muebles, articulos del hogar y articulos para el mantenimiento corriente del hogar;2020;Abril;96,85
Comunitat Valenciana;Restaurantes y hoteles;2020;Abril;107,62
Comunitat Valenciana;Ensenyanza;2020;Abril;102,33
Galicia;Comunicaciones;2020;Abril;104,94
Galicia;Transporte;2020;Abril;101,14
Andalucia;Muebles, articulos del hogar y articulos para el mantenimiento corriente del hogar;2020;Abril;99,66
Extremadura;Sanidad;2020;Abril;100,83
Galicia;Bebidas alcoholicas y tabaco;2020;Abril;105,35
Galicia;Muebles, articulos del hogar y articulos para el mantenimiento corriente del hogar;2020;Abril;101,38
Galicia;Alimentos y bebidas no alcoholicas;2020;Abril;107,06
Aragon;Transporte;2020;Abril;101,98
Ceuta;Alimentos y bebidas no alcoholicas;2020;Abril;105,05
Ceuta;Bebidas alcoholicas y tabaco;2020;Abril;104,63
Aragon;Comunicaciones;2020;Abril;105,28
Galicia;Vestido y calzado;2020;Abril;106,28
Extremadura;Otros bienes y servicios ;2020;Abril;103,18
Extremadura;Ensenyanza;2020;Abril;105,07
Extremadura;Ocio y cultura;2020;Abril;100,14
Galicia;Sanidad;2020;Abril;103,52
Ceuta;Vestido y calzado;2020;Abril;112,59
Extremadura;Comunicaciones;2020;Abril;104,28
Aragon;Ocio y cultura;2020;Abril;99,29
Extremadura;Transporte;2020;Abril;102,37
Extremadura;Restaurantes y hoteles;2020;Abril;107,43
Comunitat Valenciana;Ocio y cultura;2020;Abril;100,90
Galicia;Vivienda, agua, electricidad, gas y otros combustibles;2020;Abril;97,85
Comunitat Valenciana;Bebidas alcoholicas y tabaco;2020;Abril;103,91
Comunitat Valenciana;Alimentos y bebidas no alcoholicas;2020;Abril;107,10
Catalunya;Otros bienes y servicios ;2020;Abril;106,31
Galicia;Restaurantes y hoteles;2020;Abril;108,77
Ceuta;Comunicaciones;2020;Abril;108,53
Catalunya;Restaurantes y hoteles;2020;Abril;108,20
Comunidad de Madrid;Vestido y calzado;2020;Abril;107,03
Comunidad de Madrid;Vivienda, agua, electricidad, gas y otros combustibles;2020;Abril;100,46
Principado de Asturias;Alimentos y bebidas no alcoholicas;2020;Abril;106,13
Ceuta;Ocio y cultura;2020;Abril;98,39
Catalunya;Ensenyanza;2020;Abril;103,62
Catalunya;Ocio y cultura;2020;Abril;101,47
Andalucia;Vivienda, agua, electricidad, gas y otros combustibles;2020;Abril;98,12
Catalunya;Comunicaciones;2020;Abril;104,69
Aragon;Muebles, articulos del hogar y articulos para el mantenimiento corriente del hogar;2020;Abril;99,06
Catalunya;Sanidad;2020;Abril;102,78
Andalucia;Sanidad;2020;Abril;101,95
Catalunya;Transporte;2020;Abril;102,43
Comunitat Valenciana;Muebles, articulos del hogar y articulos para el mantenimiento corriente del hogar;2020;Abril;100,40
Aragon;Otros bienes y servicios ;2020;Abril;104,39
Ceuta;Transporte;2020;Abril;100,30
Comunitat Valenciana;Vivienda, agua, electricidad, gas y otros combustibles;2020;Abril;97,14
Comunidad de Madrid;Bebidas alcoholicas y tabaco;2020;Abril;104,82
La Rioja;Restaurantes y hoteles;2020;Abril;106,24
Comunidad de Madrid;Alimentos y bebidas no alcoholicas;2020;Abril;106,62
Galicia;Otros bienes y servicios ;2020;Abril;103,55
Comunitat Valenciana;Vestido y calzado;2020;Abril;109,03
Catalunya;Muebles, articulos del hogar y articulos para el mantenimiento corriente del hogar;2020;Abril;102,42
Comunitat Valenciana;Sanidad;2020;Abril;102,73
Comunitat Valenciana;Transporte;2020;Abril;101,75
Ceuta;Sanidad;2020;Abril;101,43
Principado de Asturias;Bebidas alcoholicas y tabaco;2020;Abril;104,25
Comunitat Valenciana;Comunicaciones;2020;Abril;103,72
Melilla;Ocio y cultura;2020;Mayo;97,40
La Rioja;Ocio y cultura;2020;Mayo;98,23
La Rioja;Alimentos y bebidas no alcoholicas;2020;Mayo;107,35
Melilla;Otros bienes y servicios ;2020;Mayo;101,05
La Rioja;Ensenyanza;2020;Mayo;104,80
La Rioja;Restaurantes y hoteles;2020;Mayo;106,94
Melilla;Ensenyanza;2020;Mayo;101,92
La Rioja;Otros bienes y servicios ;2020;Mayo;103,39
Andalucia;Sanidad;2020;Mayo;102,15
Melilla;Restaurantes y hoteles;2020;Mayo;106,08
Ceuta;Alimentos y bebidas no alcoholicas;2020;Mayo;105,29
Ceuta;Ensenyanza;2020;Mayo;104,72
Ceuta;Vivienda, agua, electricidad, gas y otros combustibles;2020;Mayo;99,68
Ceuta;Bebidas alcoholicas y tabaco;2020;Mayo;104,65
La Rioja;Sanidad;2020;Mayo;101,18
Ceuta;Restaurantes y hoteles;2020;Mayo;102,90
Ceuta;Ocio y cultura;2020;Mayo;97,63
Ceuta;Otros bienes y servicios ;2020;Mayo;101,39
La Rioja;Muebles, articulos del hogar y articulos para el mantenimiento corriente del hogar;2020;Mayo;102,72
Ceuta;Comunicaciones;2020;Mayo;108,50
Melilla;Alimentos y bebidas no alcoholicas;2020;Mayo;106,95
Andalucia;Transporte;2020;Mayo;101,29
La Rioja;Transporte;2020;Mayo;103,61
Ceuta;Transporte;2020;Mayo;98,62
Melilla;Bebidas alcoholicas y tabaco;2020;Mayo;103,48
La Rioja;Vivienda, agua, electricidad, gas y otros combustibles;2020;Mayo;96,61
Andalucia;Vestido y calzado;2020;Mayo;110,54
Andalucia;Comunicaciones;2020;Mayo;105,07
Ceuta;Sanidad;2020;Mayo;101,42
Melilla;Vivienda, agua, electricidad, gas y otros combustibles;2020;Mayo;100,54
Ceuta;Muebles, articulos del hogar y articulos para el mantenimiento corriente del hogar;2020;Mayo;96,99
Andalucia;Muebles, articulos del hogar y articulos para el mantenimiento corriente del hogar;2020;Mayo;99,96
Melilla;Muebles, articulos del hogar y articulos para el mantenimiento corriente del hogar;2020;Mayo;103,16
La Rioja;Vestido y calzado;2020;Mayo;115,89
Andalucia;Vivienda, agua, electricidad, gas y otros combustibles;2020;Mayo;98,38
La Rioja;Comunicaciones;2020;Mayo;104,53
Melilla;Sanidad;2020;Mayo;102,62
Ceuta;Vestido y calzado;2020;Mayo;113,24
Melilla;Transporte;2020;Mayo;95,42
La Rioja;Bebidas alcoholicas y tabaco;2020;Mayo;104,39
Andalucia;Bebidas alcoholicas y tabaco;2020;Mayo;104,34
Melilla;Comunicaciones;2020;Mayo;104,27
Melilla;Vestido y calzado;2020;Mayo;110,75
Illes Balears;Vestido y calzado;2020;Mayo;110,17
Aragon;Comunicaciones;2020;Mayo;105,16
Pais Vasco;Restaurantes y hoteles;2020;Mayo;107,33
Castilla - La Mancha;Ocio y cultura;2020;Mayo;97,15
Principado de Asturias;Vivienda, agua, electricidad, gas y otros combustibles;2020;Mayo;97,68
Castilla - La Mancha;Comunicaciones;2020;Mayo;105,80
Castilla - La Mancha;Transporte;2020;Mayo;101,41
Castilla - La Mancha;Sanidad;2020;Mayo;102,02
Castilla - La Mancha;Muebles, articulos del hogar y articulos para el mantenimiento corriente del hogar;2020;Mayo;100,23
Castilla - La Mancha;Vivienda, agua, electricidad, gas y otros combustibles;2020;Mayo;96,06
Principado de Asturias;Muebles, articulos del hogar y articulos para el mantenimiento corriente del hogar;2020;Mayo;100,85
Castilla - La Mancha;Vestido y calzado;2020;Mayo;109,22
Castilla - La Mancha;Bebidas alcoholicas y tabaco;2020;Mayo;104,79
Castilla - La Mancha;Alimentos y bebidas no alcoholicas;2020;Mayo;107,88
Castilla y Leon;Otros bienes y servicios ;2020;Mayo;104,10
Castilla y Leon;Restaurantes y hoteles;2020;Mayo;107,94
Principado de Asturias;Sanidad;2020;Mayo;100,73
Castilla y Leon;Ensenyanza;2020;Mayo;100,42
Castilla y Leon;Ocio y cultura;2020;Mayo;98,60
Castilla y Leon;Comunicaciones;2020;Mayo;105,01
Castilla y Leon;Transporte;2020;Mayo;103,33
Castilla y Leon;Sanidad;2020;Mayo;102,21
Castilla - La Mancha;Ensenyanza;2020;Mayo;103,97
Principado de Asturias;Transporte;2020;Mayo;101,14
Castilla - La Mancha;Restaurantes y hoteles;2020;Mayo;107,80
Catalunya;Alimentos y bebidas no alcoholicas;2020;Mayo;108,69
Aragon;Otros bienes y servicios ;2020;Mayo;104,29
Comunitat Valenciana;Vivienda, agua, electricidad, gas y otros combustibles;2020;Mayo;97,38
Comunitat Valenciana;Vestido y calzado;2020;Mayo;111,83
Comunitat Valenciana;Bebidas alcoholicas y tabaco;2020;Mayo;103,99
Comunitat Valenciana;Alimentos y bebidas no alcoholicas;2020;Mayo;107,33
Catalunya;Otros bienes y servicios ;2020;Mayo;106,45
Principado de Asturias;Alimentos y bebidas no alcoholicas;2020;Mayo;105,83
Catalunya;Restaurantes y hoteles;2020;Mayo;108,63
Catalunya;Ensenyanza;2020;Mayo;103,62
Catalunya;Ocio y cultura;2020;Mayo;99,69
Catalunya;Comunicaciones;2020;Mayo;104,56
Catalunya;Transporte;2020;Mayo;101,59
Principado de Asturias;Bebidas alcoholicas y tabaco;2020;Mayo;105,06
Catalunya;Sanidad;2020;Mayo;102,92
Catalunya;Muebles, articulos del hogar y articulos para el mantenimiento corriente del hogar;2020;Mayo;102,75
Catalunya;Vivienda, agua, electricidad, gas y otros combustibles;2020;Mayo;99,00
Catalunya;Vestido y calzado;2020;Mayo;110,77
Catalunya;Bebidas alcoholicas y tabaco;2020;Mayo;105,45
Principado de Asturias;Vestido y calzado;2020;Mayo;111,03
Castilla - La Mancha;Otros bienes y servicios ;2020;Mayo;104,28
Comunitat Valenciana;Muebles, articulos del hogar y articulos para el mantenimiento corriente del hogar;2020;Mayo;100,58
Castilla y Leon;Muebles, articulos del hogar y articulos para el mantenimiento corriente del hogar;2020;Mayo;101,76
Castilla y Leon;Vestido y calzado;2020;Mayo;109,46
Canarias;Transporte;2020;Mayo;105,82
Canarias;Sanidad;2020;Mayo;100,32
Canarias;Muebles, articulos del hogar y articulos para el mantenimiento corriente del hogar;2020;Mayo;98,67
Principado de Asturias;Otros bienes y servicios ;2020;Mayo;105,98
Canarias;Vivienda, agua, electricidad, gas y otros combustibles;2020;Mayo;99,29
Canarias;Vestido y calzado;2020;Mayo;111,11
Canarias;Bebidas alcoholicas y tabaco;2020;Mayo;118,69
Canarias;Alimentos y bebidas no alcoholicas;2020;Mayo;106,18
Illes Balears;Otros bienes y servicios ;2020;Mayo;105,33
Illes Balears;Alimentos y bebidas no alcoholicas;2020;Mayo;106,23
Illes Balears;Restaurantes y hoteles;2020;Mayo;108,47
Illes Balears;Ensenyanza;2020;Mayo;105,12
Illes Balears;Ocio y cultura;2020;Mayo;98,89
Illes Balears;Comunicaciones;2020;Mayo;106,14
Illes Balears;Transporte;2020;Mayo;100,47
Illes Balears;Bebidas alcoholicas y tabaco;2020;Mayo;103,46
Illes Balears;Sanidad;2020;Mayo;101,17
Illes Balears;Muebles, articulos del hogar y articulos para el mantenimiento corriente del hogar;2020;Mayo;100,34
Illes Balears;Vivienda, agua, electricidad, gas y otros combustibles;2020;Mayo;100,22
Canarias;Comunicaciones;2020;Mayo;104,87
Castilla y Leon;Vivienda, agua, electricidad, gas y otros combustibles;2020;Mayo;96,84
Canarias;Ocio y cultura;2020;Mayo;97,69
Canarias;Ensenyanza;2020;Mayo;100,91
Castilla y Leon;Bebidas alcoholicas y tabaco;2020;Mayo;104,86
Castilla y Leon;Alimentos y bebidas no alcoholicas;2020;Mayo;107,40
Principado de Asturias;Comunicaciones;2020;Mayo;104,24
Cantabria;Otros bienes y servicios ;2020;Mayo;104,20
Cantabria;Restaurantes y hoteles;2020;Mayo;107,55
Cantabria;Ensenyanza;2020;Mayo;102,51
Cantabria;Ocio y cultura;2020;Mayo;96,60
Cantabria;Comunicaciones;2020;Mayo;106,56
Principado de Asturias;Ocio y cultura;2020;Mayo;97,19
Cantabria;Transporte;2020;Mayo;103,91
Cantabria;Sanidad;2020;Mayo;103,83
Cantabria;Muebles, articulos del hogar y articulos para el mantenimiento corriente del hogar;2020;Mayo;100,33
Cantabria;Vivienda, agua, electricidad, gas y otros combustibles;2020;Mayo;97,67
Cantabria;Vestido y calzado;2020;Mayo;108,78
Principado de Asturias;Ensenyanza;2020;Mayo;99,61
Cantabria;Bebidas alcoholicas y tabaco;2020;Mayo;104,21
Cantabria;Alimentos y bebidas no alcoholicas;2020;Mayo;106,72
Canarias;Otros bienes y servicios ;2020;Mayo;103,80
Canarias;Restaurantes y hoteles;2020;Mayo;108,15
Principado de Asturias;Restaurantes y hoteles;2020;Mayo;106,65
Pais Vasco;Otros bienes y servicios ;2020;Mayo;104,11
Comunitat Valenciana;Sanidad;2020;Mayo;102,64
Comunitat Valenciana;Comunicaciones;2020;Mayo;103,58
Comunidad Foral de Navarra;Vestido y calzado;2020;Mayo;110,83
Comunidad Foral de Navarra;Bebidas alcoholicas y tabaco;2020;Mayo;104,03
Comunidad Foral de Navarra;Alimentos y bebidas no alcoholicas;2020;Mayo;106,78
Aragon;Alimentos y bebidas no alcoholicas;2020;Mayo;106,04
Region de Murcia;Otros bienes y servicios ;2020;Mayo;103,55
Region de Murcia;Restaurantes y hoteles;2020;Mayo;106,54
Region de Murcia;Ensenyanza;2020;Mayo;105,17
Region de Murcia;Ocio y cultura;2020;Mayo;96,80
Region de Murcia;Comunicaciones;2020;Mayo;104,66
Aragon;Bebidas alcoholicas y tabaco;2020;Mayo;104,31
Region de Murcia;Transporte;2020;Mayo;99,55
Region de Murcia;Sanidad;2020;Mayo;102,25
Region de Murcia;Muebles, articulos del hogar y articulos para el mantenimiento corriente del hogar;2020;Mayo;99,64
Region de Murcia;Vivienda, agua, electricidad, gas y otros combustibles;2020;Mayo;97,32
Region de Murcia;Vestido y calzado;2020;Mayo;111,97
Aragon;Vestido y calzado;2020;Mayo;110,46
Region de Murcia;Bebidas alcoholicas y tabaco;2020;Mayo;104,94
Region de Murcia;Alimentos y bebidas no alcoholicas;2020;Mayo;106,68
Comunidad de Madrid;Otros bienes y servicios ;2020;Mayo;105,88
Comunidad Foral de Navarra;Vivienda, agua, electricidad, gas y otros combustibles;2020;Mayo;97,73
Comunidad de Madrid;Restaurantes y hoteles;2020;Mayo;108,07
Comunidad Foral de Navarra;Muebles, articulos del hogar y articulos para el mantenimiento corriente del hogar;2020;Mayo;100,56
Comunidad Foral de Navarra;Sanidad;2020;Mayo;104,12
Pais Vasco;Ensenyanza;2020;Mayo;104,61
Pais Vasco;Ocio y cultura;2020;Mayo;99,39
Andalucia;Ocio y cultura;2020;Mayo;98,65
Pais Vasco;Comunicaciones;2020;Mayo;105,26
Pais Vasco;Transporte;2020;Mayo;103,61
Pais Vasco;Sanidad;2020;Mayo;102,09
Pais Vasco;Muebles, articulos del hogar y articulos para el mantenimiento corriente del hogar;2020;Mayo;101,57
Pais Vasco;Vivienda, agua, electricidad, gas y otros combustibles;2020;Mayo;98,77
Andalucia;Ensenyanza;2020;Mayo;104,79
Pais Vasco;Vestido y calzado;2020;Mayo;110,52
Pais Vasco;Bebidas alcoholicas y tabaco;2020;Mayo;104,50
Pais Vasco;Alimentos y bebidas no alcoholicas;2020;Mayo;107,13
Comunidad Foral de Navarra;Otros bienes y servicios ;2020;Mayo;103,88
Comunidad Foral de Navarra;Restaurantes y hoteles;2020;Mayo;108,37
Andalucia;Restaurantes y hoteles;2020;Mayo;107,55
Comunidad Foral de Navarra;Ensenyanza;2020;Mayo;102,67
Comunidad Foral de Navarra;Ocio y cultura;2020;Mayo;98,68
Comunidad Foral de Navarra;Comunicaciones;2020;Mayo;103,32
Comunidad Foral de Navarra;Transporte;2020;Mayo;101,70
Andalucia;Otros bienes y servicios ;2020;Mayo;103,88
Comunitat Valenciana;Transporte;2020;Mayo;100,94
Comunidad de Madrid;Ensenyanza;2020;Mayo;102,75
Comunidad de Madrid;Ocio y cultura;2020;Mayo;100,50
Extremadura;Otros bienes y servicios ;2020;Mayo;103,81
Extremadura;Restaurantes y hoteles;2020;Mayo;107,99
Extremadura;Ensenyanza;2020;Mayo;105,07
Extremadura;Ocio y cultura;2020;Mayo;98,13
Aragon;Ocio y cultura;2020;Mayo;97,62
Extremadura;Comunicaciones;2020;Mayo;104,14
Extremadura;Transporte;2020;Mayo;101,53
Extremadura;Sanidad;2020;Mayo;100,93
Extremadura;Muebles, articulos del hogar y articulos para el mantenimiento corriente del hogar;2020;Mayo;100,47
Extremadura;Vivienda, agua, electricidad, gas y otros combustibles;2020;Mayo;96,94
Aragon;Ensenyanza;2020;Mayo;103,88
Extremadura;Vestido y calzado;2020;Mayo;109,88
Extremadura;Bebidas alcoholicas y tabaco;2020;Mayo;104,73
Extremadura;Alimentos y bebidas no alcoholicas;2020;Mayo;106,60
Comunitat Valenciana;Otros bienes y servicios ;2020;Mayo;104,22
Comunitat Valenciana;Restaurantes y hoteles;2020;Mayo;108,05
Aragon;Restaurantes y hoteles;2020;Mayo;109,47
Comunitat Valenciana;Ensenyanza;2020;Mayo;102,33
Comunitat Valenciana;Ocio y cultura;2020;Mayo;99,47
Galicia;Alimentos y bebidas no alcoholicas;2020;Mayo;107,15
Aragon;Vivienda, agua, electricidad, gas y otros combustibles;2020;Mayo;97,69
Galicia;Bebidas alcoholicas y tabaco;2020;Mayo;105,42
Galicia;Vivienda, agua, electricidad, gas y otros combustibles;2020;Mayo;97,69
Comunidad de Madrid;Comunicaciones;2020;Mayo;106,01
Comunidad de Madrid;Transporte;2020;Mayo;102,67
Comunidad de Madrid;Sanidad;2020;Mayo;101,10
Comunidad de Madrid;Muebles, articulos del hogar y articulos para el mantenimiento corriente del hogar;2020;Mayo;102,02
Aragon;Muebles, articulos del hogar y articulos para el mantenimiento corriente del hogar;2020;Mayo;99,11
Comunidad de Madrid;Vivienda, agua, electricidad, gas y otros combustibles;2020;Mayo;100,55
Comunidad de Madrid;Vestido y calzado;2020;Mayo;108,02
Comunidad de Madrid;Bebidas alcoholicas y tabaco;2020;Mayo;105,00
Comunidad de Madrid;Alimentos y bebidas no alcoholicas;2020;Mayo;106,32
Galicia;Otros bienes y servicios ;2020;Mayo;103,63
Aragon;Sanidad;2020;Mayo;102,92
Galicia;Restaurantes y hoteles;2020;Mayo;109,30
Galicia;Ensenyanza;2020;Mayo;105,38
Galicia;Ocio y cultura;2020;Mayo;97,89
Galicia;Comunicaciones;2020;Mayo;104,81
Galicia;Transporte;2020;Mayo;100,35
Aragon;Transporte;2020;Mayo;101,01
Galicia;Sanidad;2020;Mayo;103,62
Galicia;Muebles, articulos del hogar y articulos para el mantenimiento corriente del hogar;2020;Mayo;101,88
Galicia;Vestido y calzado;2020;Mayo;109,02
Andalucia;Alimentos y bebidas no alcoholicas;2020;Mayo;107,26
